UnixTime(ms),PosX,PosY,PosZ,OrientX,OrientY,OrientZ,OrientW
1755645791247,3.47792578,0.03810316,-0.17593765,0.06322225,0.88386399,-0.02061646,0.46299283
1755645791282,3.47662163,0.03809357,-0.17630100,0.06238136,0.88348734,-0.01962309,0.46386810
1755645791326,3.47571754,0.03836989,-0.17678833,0.06281724,0.88239805,-0.02025914,0.46585110
1755645791371,3.47473240,0.03831220,-0.17752886,0.06177926,0.88101946,-0.02053572,0.46857903
1755645791380,3.47338057,0.03818476,-0.17834330,0.06052853,0.87908446,-0.01897845,0.47242633
1755645791438,3.47138786,0.03751993,-0.17951202,0.05677156,0.87591382,-0.01602315,0.47884781
1755645791469,3.46880102,0.03628147,-0.18123531,0.04968719,0.87109543,-0.01025180,0.48848628
1755645791505,3.46529675,0.03379112,-0.18396759,0.04127868,0.86280883,0.00145941,0.50384011
1755645791538,3.46167183,0.03055650,-0.18717813,0.03116494,0.85252391,0.01896311,0.52141359
1755645791560,3.45720196,0.02759612,-0.19106388,0.02162717,0.83843450,0.03538136,0.54342250
1755645791605,3.45418930,0.02567345,-0.19383097,0.01619641,0.82768595,0.04516342,0.55913675
1755645791635,3.44912434,0.02241385,-0.19893980,0.00786383,0.80870581,0.06089543,0.58499984
1755645791658,3.44511986,0.02028030,-0.20336342,0.00148478,0.79220556,0.07135017,0.60606707
1755645791691,3.44256115,0.01954007,-0.20635700,-0.00193638,0.78193163,0.07558743,0.61876144
1755645791717,3.44045544,0.01879436,-0.20891762,-0.00447133,0.77352016,0.07884945,0.62883173
1755645791729,3.43870211,0.01785451,-0.21142912,-0.00780000,0.76527434,0.08253948,0.63834283
1755645791742,3.43738127,0.01731896,-0.21369505,-0.01135956,0.75785279,0.08622965,0.64660232
1755645791781,3.43574762,0.01700819,-0.21598864,-0.01374414,0.75058579,0.08865602,0.65465425
1755645791796,3.43424797,0.01668215,-0.21832561,-0.01551682,0.74371242,0.09076013,0.66212813
1755645791816,3.43294001,0.01623946,-0.22051811,-0.01774178,0.73692727,0.09369514,0.66921196
1755645791829,3.43228149,0.01588041,-0.22188044,-0.01924249,0.73290056,0.09574269,0.67329031
1755645791850,3.43170452,0.01566184,-0.22308826,-0.02065144,0.72932547,0.09730942,0.67689641
1755645791853,3.43085861,0.01551229,-0.22459888,-0.02183793,0.72490364,0.09892377,0.68136034
1755645791893,3.43025303,0.01549524,-0.22579050,-0.02255348,0.72183883,0.10010685,0.68441118
1755645791903,3.42886734,0.01510412,-0.22859716,-0.02453693,0.71429098,0.10309741,0.69177833
1755645791928,3.42812347,0.01471901,-0.23067474,-0.02700567,0.70930630,0.10544111,0.69644629
1755645791939,3.42768764,0.01458281,-0.23191595,-0.02865653,0.70636368,0.10673452,0.69916872
1755645791970,3.42702818,0.01451105,-0.23341990,-0.03002452,0.70289153,0.10750505,0.70248466
1755645791981,3.42632151,0.01446527,-0.23516226,-0.03083025,0.69944423,0.10802119,0.70580357
1755645791992,3.42602968,0.01438510,-0.23613071,-0.03201872,0.69744253,0.10842178,0.70766760
1755645792014,3.42584991,0.01420718,-0.23704576,-0.03340852,0.69577557,0.10886896,0.70917401
1755645792037,3.42569447,0.01403344,-0.23786688,-0.03486053,0.69413114,0.10938427,0.71063478
1755645792048,3.42527866,0.01386124,-0.23965263,-0.03709532,0.69098204,0.11014075,0.71346813
1755645792059,3.42506933,0.01380080,-0.24039078,-0.03760118,0.68987179,0.11012069,0.71451837
1755645792070,3.42492580,0.01372755,-0.24105310,-0.03837602,0.68894804,0.11002933,0.71538202
1755645792093,3.42484760,0.01364714,-0.24160576,-0.03926712,0.68805653,0.10999120,0.71619707
1755645792103,3.42477560,0.01351726,-0.24225426,-0.04044779,0.68698466,0.11010948,0.71714152
1755645792127,3.42474127,0.01338643,-0.24274921,-0.04145303,0.68603641,0.11038585,0.71794892
1755645792136,3.42472601,0.01309067,-0.24383831,-0.04351974,0.68399155,0.11122311,0.71964645
1755645792148,3.42467451,0.01297629,-0.24441099,-0.04420039,0.68305814,0.11136136,0.72046967
1755645792159,3.42465925,0.01287925,-0.24493837,-0.04472169,0.68223179,0.11142295,0.72121057
1755645792171,3.42460299,0.01279521,-0.24539757,-0.04510425,0.68156761,0.11139906,0.72181816
1755645792182,3.42457247,0.01273519,-0.24578905,-0.04544692,0.68097210,0.11146420,0.72234847
1755645792193,3.42455387,0.01264411,-0.24615431,-0.04571444,0.68046785,0.11152756,0.72279686
1755645792204,3.42451906,0.01248825,-0.24652386,-0.04594205,0.67996883,0.11170342,0.72322476
1755645792215,3.42457819,0.01246095,-0.24687815,-0.04627910,0.67958784,0.11177755,0.72354985
1755645792248,3.42458248,0.01248449,-0.24718428,-0.04652446,0.67923403,0.11147953,0.72391224
1755645792250,3.42462301,0.01252669,-0.24792051,-0.04617856,0.67874492,0.11066758,0.72451747
1755645792270,3.42470360,0.01254797,-0.24828529,-0.04617857,0.67867303,0.11024071,0.72464988
1755645792280,3.42478180,0.01251721,-0.24847937,-0.04629439,0.67874748,0.11006213,0.72459990
1755645792333,3.42486143,0.01247740,-0.24864244,-0.04641617,0.67884606,0.10988886,0.72452605
1755645792351,3.42541599,0.01250255,-0.24938345,-0.04690561,0.67989326,0.10861471,0.72370427
1755645792387,3.42552710,0.01263750,-0.24961519,-0.04650887,0.68067569,0.10758359,0.72314819
1755645792410,3.42557764,0.01265538,-0.24988985,-0.04662951,0.68170238,0.10707692,0.72224794
1755645792428,3.42553806,0.01246476,-0.25006390,-0.04698431,0.68208146,0.10706411,0.72186884
1755645792464,3.42537928,0.01225626,-0.25027180,-0.04706068,0.68248975,0.10707526,0.72147621
1755645792483,3.42505932,0.01206231,-0.25057554,-0.04727758,0.68303042,0.10735294,0.72090888
1755645792521,3.42458153,0.01171285,-0.25098705,-0.04822538,0.68358207,0.10755576,0.72029274
1755645792554,3.42387819,0.01148689,-0.25188398,-0.04980544,0.68511165,0.10836817,0.71860823
1755645792585,3.42307615,0.01222432,-0.25275230,-0.04807933,0.68717706,0.10533958,0.71720264
1755645792620,3.42257881,0.01283884,-0.25389910,-0.04649156,0.68911511,0.10311413,0.71576978
1755645792650,3.42196894,0.01405388,-0.25524569,-0.04512327,0.69057572,0.10045093,0.71482772
1755645792660,3.42127275,0.01476181,-0.25638390,-0.04300509,0.69134611,0.09759472,0.71460926
1755645792683,3.42054510,0.01535350,-0.25765133,-0.04115041,0.69199610,0.09595406,0.71431146
1755645792706,3.41951084,0.01578033,-0.25904655,-0.03975102,0.69264466,0.09461346,0.71394084
1755645792741,3.41864109,0.01610631,-0.26013279,-0.03914427,0.69305456,0.09378586,0.71368573
1755645792775,3.41648340,0.01673847,-0.26246357,-0.03809698,0.69379735,0.09143652,0.71332547
1755645792819,3.41277742,0.01700765,-0.26626396,-0.03781411,0.69545186,0.08971600,0.71194652
1755645792846,3.40867662,0.01655918,-0.27052832,-0.03906976,0.69679165,0.08994842,0.71053799
1755645792878,3.40586853,0.01648337,-0.27323818,-0.03896743,0.69761848,0.09004420,0.70971969
1755645792906,3.40162849,0.01627988,-0.27715874,-0.03862252,0.69935978,0.08937560,0.70810748
1755645792928,3.39684391,0.01598412,-0.28144073,-0.03819528,0.70142198,0.08877615,0.70616367
1755645792975,3.39342690,0.01548445,-0.28452921,-0.03837386,0.70303363,0.08901917,0.70451881
1755645793006,3.38626575,0.01377571,-0.29059267,-0.04172745,0.70513999,0.09103770,0.70196050
1755645793017,3.38207674,0.01287776,-0.29378271,-0.04260913,0.70636451,0.09171488,0.70058691
1755645793040,3.37789297,0.01197994,-0.29671526,-0.04189046,0.70783621,0.09130038,0.69919763
1755645793073,3.37355661,0.01113194,-0.29958773,-0.04197530,0.70910138,0.09128983,0.69791079
1755645793083,3.36893272,0.01110315,-0.30213213,-0.04213140,0.70994019,0.09239563,0.69690237
1755645793106,3.36412716,0.01092893,-0.30420160,-0.04116923,0.71134257,0.09202449,0.69557770
1755645793140,3.36132479,0.01069736,-0.30522728,-0.04115930,0.71230310,0.09120998,0.69470205
1755645793150,3.35432577,0.01035261,-0.30734158,-0.04188453,0.71418500,0.09019292,0.69285692
1755645793188,3.34904957,0.00996488,-0.30850744,-0.04278013,0.71555620,0.09054966,0.69133924
1755645793223,3.34357119,0.00963473,-0.30925512,-0.04526271,0.71681893,0.09269656,0.68958630
1755645793252,3.33159685,0.00857514,-0.30949736,-0.05126662,0.71939850,0.09692571,0.68588843
1755645793261,3.32466316,0.00732982,-0.30910635,-0.05493437,0.72055727,0.09983663,0.68396790
1755645793285,3.31736946,0.00588387,-0.30844307,-0.05884983,0.72157007,0.10432031,0.68190219
1755645793306,3.30926037,0.00445944,-0.30731153,-0.06116079,0.72236532,0.10750203,0.68036095
1755645793317,3.30389118,0.00363213,-0.30639696,-0.06204927,0.72292244,0.10878886,0.67948364
1755645793331,3.29885960,0.00276244,-0.30546379,-0.06264439,0.72319865,0.10988747,0.67895812
1755645793380,3.29430485,0.00199223,-0.30461168,-0.06345995,0.72336811,0.11111240,0.67850236
1755645793412,3.27158928,-0.00233078,-0.29989338,-0.06606160,0.72320205,0.11685104,0.67746623
1755645793439,3.25337648,-0.00532615,-0.29540157,-0.06463968,0.72303665,0.11593570,0.67793704
1755645793450,3.23953390,-0.00791675,-0.29162312,-0.06346619,0.72295958,0.11541732,0.67821850
1755645793496,3.22628260,-0.01062119,-0.28786469,-0.06260567,0.72275919,0.11554727,0.67848988
1755645793506,3.20487738,-0.01461434,-0.28137875,-0.05996116,0.72218496,0.11521513,0.67939607
1755645793529,3.18997860,-0.01690471,-0.27621126,-0.05761752,0.72188735,0.11464897,0.68001066
1755645793566,3.17465973,-0.01885921,-0.27075052,-0.05481084,0.72162187,0.11346534,0.68072260
1755645793603,3.15827465,-0.02075040,-0.26477861,-0.05049159,0.72118509,0.11121176,0.68189047
1755645793635,3.12614346,-0.02330744,-0.25210142,-0.04009861,0.72100556,0.10357032,0.68397096
1755645793667,3.09870291,-0.02177727,-0.24028873,-0.02787127,0.72054076,0.09154133,0.68677827
1755645793704,3.06993341,-0.01728898,-0.22788954,-0.01827946,0.71891976,0.07948415,0.69029162
1755645793737,3.04135466,-0.01018345,-0.21567249,-0.00676878,0.71595478,0.06701428,0.69488994
1755645793767,3.01366663,-0.00114268,-0.20393229,0.00532157,0.71292287,0.05638358,0.69895175
1755645793803,2.98654079,0.00725907,-0.19347763,0.02523218,0.71020770,0.03901518,0.70245724
1755645793835,2.96248627,0.01225692,-0.18504095,0.03784641,0.70566952,0.02747029,0.70699615
1755645793876,2.93885517,0.01638490,-0.17813969,0.03995529,0.69841176,0.02484138,0.71414809
1755645793897,2.90825558,0.02053261,-0.17024326,0.03903183,0.69141507,0.02928010,0.72080815
1755645793954,2.88356876,0.02180749,-0.16540241,0.02713644,0.68555206,0.04237350,0.72628264
1755645793964,2.85462046,0.02325279,-0.16066360,0.01407271,0.67833072,0.05238351,0.73275191
1755645794020,2.82996845,0.02323729,-0.15822268,0.00415444,0.66917193,0.05994647,0.74067408
1755645794041,2.80535460,0.02282745,-0.15600395,-0.00309293,0.66160655,0.05930433,0.74749596
1755645794063,2.78758907,0.02246094,-0.15561390,-0.00630311,0.65613377,0.05742925,0.75242981
1755645794086,2.77180433,0.02156591,-0.15580368,-0.00980800,0.64988763,0.05721040,0.75781056
1755645794097,2.76091003,0.02092773,-0.15593386,-0.01078443,0.64580262,0.05778722,0.76123801
1755645794130,2.74858522,0.02038085,-0.15608406,-0.01064726,0.64193935,0.05656779,0.76459178
1755645794131,2.73713732,0.01985759,-0.15640450,-0.01022440,0.63895839,0.05448027,0.76724151
1755645794174,2.72486687,0.01901692,-0.15679741,-0.00943837,0.63602466,0.05250061,0.76982286
1755645794184,2.69889688,0.01662368,-0.15794039,-0.00667621,0.63165117,0.04941802,0.77364726
1755645794213,2.68110323,0.01437861,-0.15888262,-0.00499157,0.63021248,0.04882400,0.77487001
1755645794232,2.66947460,0.01251554,-0.15950441,-0.00465720,0.62997986,0.04883147,0.77506076
1755645794241,2.65363312,0.00983047,-0.16052389,-0.00493963,0.63003070,0.04935067,0.77498480
1755645794253,2.64269972,0.00781029,-0.16149282,-0.00566401,0.63018412,0.04928145,0.77485949
1755645794276,2.63270950,0.00610226,-0.16247892,-0.00678710,0.63014973,0.04905640,0.77489272
1755645794285,2.62186050,0.00429147,-0.16354322,-0.00772487,0.63014252,0.04933505,0.77487211
1755645794297,2.61170292,0.00263941,-0.16454411,-0.00828828,0.63048499,0.04999495,0.77454534
1755645794309,2.60184622,0.00110447,-0.16553736,-0.00868914,0.63130354,0.05012519,0.77386549
1755645794319,2.59220171,-0.00039834,-0.16657162,-0.00855900,0.63241827,0.05016893,0.77295339
1755645794332,2.58291769,-0.00180852,-0.16753721,-0.00845357,0.63357360,0.04985655,0.77202808
1755645794341,2.57371473,-0.00309914,-0.16849804,-0.00843848,0.63479221,0.04915005,0.77107192
1755645794364,2.56307459,-0.00447434,-0.16957903,-0.00820763,0.63633740,0.04822904,0.76985798
1755645794374,2.54179192,-0.00697654,-0.17194176,-0.00758868,0.64027924,0.04715782,0.76665575
1755645794386,2.53038406,-0.00793254,-0.17317009,-0.00851064,0.64276362,0.04818138,0.76450052
1755645794397,2.51930952,-0.00815821,-0.17432213,-0.01111734,0.64531947,0.05016592,0.76218277
1755645794409,2.50798655,-0.00801635,-0.17553234,-0.01272814,0.64822388,0.05112393,0.75962500
1755645794432,2.49663591,-0.00759709,-0.17668295,-0.01236215,0.65133190,0.05046139,0.75701227
1755645794441,2.47404242,-0.00518101,-0.17870283,-0.01236218,0.65784997,0.04974587,0.75140265
1755645794454,2.46213484,-0.00369948,-0.17970037,-0.01126477,0.66174006,0.04913170,0.74803695
1755645794465,2.45109892,-0.00186735,-0.18051243,-0.01057973,0.66535092,0.04922738,0.74483078
1755645794476,2.44072199,0.00006568,-0.18124533,-0.00931696,0.66898394,0.04877116,0.74161652
1755645794487,2.43016863,0.00214106,-0.18186951,-0.00789628,0.67267489,0.04722208,0.73838758
1755645794499,2.41984081,0.00415885,-0.18244839,-0.00651978,0.67631418,0.04519310,0.73519672
1755645794510,2.40983295,0.00604361,-0.18294954,-0.00503984,0.67961801,0.04287650,0.73229473
1755645794531,2.40020561,0.00804591,-0.18329620,-0.00315597,0.68259263,0.04060853,0.72966313
1755645794543,2.38177109,0.01288950,-0.18352842,0.00355676,0.68849295,0.03408956,0.72443268
1755645794577,2.37183380,0.01569104,-0.18342113,0.00859388,0.69189924,0.02883550,0.72136683
1755645794587,2.34117317,0.02402711,-0.18319464,0.02174618,0.70152605,0.01491357,0.71215581
1755645794632,2.32357836,0.02877837,-0.18271351,0.02666805,0.70611668,0.01068913,0.70751240
1755645794642,2.29814529,0.03532392,-0.18173790,0.03201559,0.71194857,0.00679202,0.70146853
1755645794664,2.28128481,0.03862733,-0.18114233,0.03346493,0.71467805,0.00678180,0.69861963
1755645794686,2.26447392,0.04101843,-0.18049288,0.03319724,0.71678674,0.00881883,0.69644593
1755645794698,2.25495911,0.04190904,-0.18011951,0.03226188,0.71770578,0.01071785,0.69551614
1755645794733,2.24634552,0.04258037,-0.17978334,0.03136794,0.71831334,0.01244303,0.69490084
1755645794742,2.22376990,0.04401368,-0.17882776,0.03267876,0.71876150,0.01387261,0.69434973
1755645794755,2.21302271,0.04429990,-0.17833757,0.03459332,0.71843439,0.01314621,0.69460961
1755645794777,2.20356464,0.04426295,-0.17782021,0.03597897,0.71812093,0.01344289,0.69485763
1755645794787,2.19459248,0.04405016,-0.17724705,0.03637967,0.71789300,0.01417729,0.69505767
1755645794799,2.18588686,0.04361284,-0.17666149,0.03635443,0.71772492,0.01473419,0.69522097
1755645794809,2.17758322,0.04306346,-0.17604303,0.03597428,0.71744156,0.01559123,0.69551447
1755645794819,2.16961837,0.04241139,-0.17536020,0.03543693,0.71712023,0.01643445,0.69585394
1755645794844,2.16157317,0.04159534,-0.17462015,0.03472688,0.71679610,0.01733987,0.69620164
1755645794855,2.14471245,0.03934073,-0.17290163,0.03220443,0.71612215,0.02011655,0.69694136
1755645794865,2.13481665,0.03767788,-0.17175484,0.02986410,0.71586746,0.02295789,0.69721937
1755645794876,2.12581158,0.03596514,-0.17060947,0.02726020,0.71597397,0.02622118,0.69710157
1755645794887,2.11669970,0.03410250,-0.16929626,0.02426289,0.71624893,0.02969860,0.69679034
1755645794898,2.10743999,0.03208488,-0.16786051,0.02124902,0.71676326,0.03307848,0.69620739
1755645794922,2.09805536,0.02999234,-0.16622782,0.01814393,0.71760696,0.03637334,0.69526112
1755645794931,2.07857513,0.02620548,-0.16245413,0.01283312,0.72031915,0.03997173,0.69237121
1755645794943,2.06833172,0.02463442,-0.16035986,0.01234605,0.72211522,0.03885412,0.69057045
1755645794954,2.05859542,0.02299452,-0.15826988,0.01313945,0.72365892,0.03743091,0.68901673
1755645794977,2.04861164,0.02103716,-0.15603352,0.01364603,0.72514570,0.03598564,0.68751912
1755645794989,2.03081703,0.01734239,-0.15178919,0.01307212,0.72771251,0.03533011,0.68484699
1755645795018,2.01858854,0.01464826,-0.14873934,0.01259728,0.72938227,0.03573599,0.68305618
1755645795036,1.99129307,0.00907779,-0.14144087,0.01192591,0.73365355,0.03824263,0.67834191
1755645795067,1.97147000,0.00541776,-0.13566589,0.01248210,0.73742419,0.03942847,0.67416256
1755645795088,1.93774533,-0.00027639,-0.12554216,0.01241314,0.74356299,0.03951533,0.66738185
1755645795111,1.91403294,-0.00302076,-0.11845016,0.01475895,0.74714022,0.03722088,0.66345932
1755645795122,1.89008451,-0.00323659,-0.11106730,0.02175252,0.74951457,0.02897262,0.66099570
1755645795144,1.86586452,-0.00138366,-0.10358524,0.02918122,0.75096064,0.01969570,0.65940780
1755645795155,1.85091507,0.00171143,-0.09905481,0.03500140,0.75128633,0.01313603,0.65891668
1755645795206,1.83804476,0.00484407,-0.09518814,0.04738311,0.75112485,-0.00057327,0.65845726
1755645795233,1.79164231,0.01935172,-0.08228159,0.08517604,0.74722218,-0.03246177,0.65829346
1755645795254,1.75906885,0.02602422,-0.07501411,0.10492145,0.74357081,-0.04221679,0.65902328
1755645795277,1.73790622,0.02911830,-0.07146406,0.10830767,0.74118721,-0.03676368,0.66148272
1755645795299,1.71835625,0.03187907,-0.06867552,0.10446214,0.73866134,-0.03099382,0.66521159
1755645795310,1.70725739,0.03365940,-0.06723785,0.10115330,0.73693400,-0.02937827,0.66770743
1755645795322,1.69709933,0.03529108,-0.06611729,0.09836284,0.73547273,-0.02903978,0.66974719
1755645795333,1.68820262,0.03660059,-0.06519318,0.09605616,0.73412204,-0.02885424,0.67156942
1755645795343,1.67924738,0.03788096,-0.06429815,0.09347566,0.73282545,-0.02769678,0.67339590
1755645795356,1.67053366,0.03891343,-0.06345892,0.09112461,0.73153919,-0.02617781,0.67517512
1755645795366,1.66029704,0.03996432,-0.06245708,0.08809500,0.72994357,-0.02409208,0.67737820
1755645795377,1.65012562,0.04082400,-0.06157017,0.08488452,0.72831017,-0.02179708,0.67962034
1755645795388,1.64047658,0.04149151,-0.06079721,0.08152201,0.72658402,-0.01900389,0.68195944
1755645795400,1.63078260,0.04188985,-0.06005096,0.07815606,0.72470993,-0.01576865,0.68442567
1755645795433,1.62102759,0.04213053,-0.05927181,0.07444989,0.72287482,-0.01192251,0.68685301
1755645795443,1.59736228,0.04238671,-0.05742979,0.06443771,0.71919704,-0.00310002,0.69180474
1755645795456,1.58682001,0.04234022,-0.05655289,0.06018578,0.71770883,-0.00008291,0.69373749
1755645795489,1.57649648,0.04217172,-0.05571842,0.05672671,0.71606207,0.00189748,0.69572523
1755645795538,1.54273677,0.04031283,-0.05307341,0.04704208,0.71079099,0.00866742,0.70177495
1755645795555,1.49553585,0.03520125,-0.04876423,0.03345451,0.70689732,0.02042569,0.70622926
1755645795588,1.45942545,0.03098822,-0.04522276,0.02999958,0.70704591,0.02390913,0.70612637
1755645795623,1.43522632,0.02850682,-0.04307842,0.02934318,0.70767510,0.02190925,0.70558835
1755645795633,1.41312718,0.02651393,-0.04139042,0.03313905,0.70793420,0.01806329,0.70526923
1755645795656,1.39141726,0.02652693,-0.03989983,0.04189551,0.70826900,0.00828909,0.70464962
1755645795668,1.37822855,0.02720749,-0.03931808,0.05316257,0.70773906,-0.00307219,0.70446415
1755645795689,1.36651611,0.02742428,-0.03904295,0.06252300,0.70713305,-0.01127030,0.70422063
1755645795699,1.35583436,0.02684522,-0.03870630,0.06912861,0.70649940,-0.01727196,0.70411754
1755645795711,1.34532046,0.02606434,-0.03852606,0.07386097,0.70601040,-0.02204663,0.70399419
1755645795723,1.33537304,0.02539867,-0.03841782,0.07746344,0.70528358,-0.02591506,0.70420373
1755645795735,1.32554686,0.02472675,-0.03839111,0.08056527,0.70444936,-0.02901686,0.70456963
1755645795756,1.31581247,0.02405995,-0.03842545,0.08376801,0.70372486,-0.03189162,0.70479583
1755645795757,1.29570317,0.02254999,-0.03848648,0.08968445,0.70257664,-0.03736263,0.70494454
1755645795818,1.28342557,0.02136338,-0.03853369,0.09218250,0.70220804,-0.03954252,0.70487066
1755645795847,1.22953343,0.01502979,-0.03900194,0.09403979,0.70328641,-0.03991417,0.70352797
1755645795857,1.19227552,0.01648402,-0.03891850,0.09202600,0.70522487,-0.03640315,0.70204267
1755645795900,1.15283048,0.02256894,-0.03739882,0.09738378,0.70761418,-0.03813660,0.69881626
1755645795933,1.12399864,0.02798742,-0.03607750,0.09978749,0.70900786,-0.04553357,0.69661826
1755645795945,1.10108364,0.03124124,-0.03493023,0.09789833,0.70834011,-0.04796196,0.69740222
1755645795968,1.07900357,0.03391588,-0.03309536,0.09144633,0.70796299,-0.04641089,0.69876463
1755645795978,1.06669307,0.03530377,-0.03176641,0.08787210,0.70802426,-0.04496825,0.69925531
1755645795991,1.05580366,0.03686285,-0.03044653,0.08549689,0.70825773,-0.04377912,0.69938877
1755645796012,1.04640150,0.03829020,-0.02921391,0.08456248,0.70842654,-0.04358831,0.69934333
1755645796015,1.03610575,0.03964740,-0.02788448,0.08417543,0.70854253,-0.04389558,0.69925329
1755645796038,1.02690125,0.04069138,-0.02664518,0.08343508,0.70874816,-0.04373478,0.69914369
1755645796068,1.01105285,0.04250544,-0.02402401,0.08057947,0.70930129,-0.04213590,0.69901587
1755645796078,0.98178214,0.04542643,-0.01781940,0.07555909,0.71138537,-0.03641361,0.69777914
1755645796091,0.96997082,0.04624802,-0.01491737,0.07424733,0.71272898,-0.03274794,0.69672973
1755645796114,0.95975661,0.04669607,-0.01221704,0.07280501,0.71426886,-0.02929437,0.69545759
1755645796124,0.95013809,0.04690754,-0.00951910,0.07111705,0.71567798,-0.02598987,0.69431400
1755645796134,0.94084972,0.04688156,-0.00685453,0.06922909,0.71713608,-0.02245293,0.69312267
1755645796145,0.93207401,0.04672670,-0.00421810,0.06712683,0.71853137,-0.01884859,0.69199089
1755645796156,0.92383647,0.04634982,-0.00164223,0.06530795,0.71976310,-0.01555164,0.69096606
1755645796167,0.91490698,0.04573864,0.00124741,0.06357916,0.72113723,-0.01215637,0.68976156
1755645796180,0.90591317,0.04493815,0.00422096,0.06176122,0.72255838,-0.00860232,0.68849179
1755645796191,0.89689529,0.04393375,0.00732660,0.05973327,0.72399306,-0.00473106,0.68719982
1755645796202,0.88777637,0.04275662,0.01058578,0.05717427,0.72547597,-0.00058725,0.68586834
1755645796203,0.87855327,0.04139519,0.01393938,0.05447171,0.72687679,0.00385102,0.68459340
1755645796234,0.86950099,0.03992432,0.01735544,0.05174508,0.72824311,0.00820002,0.68331338
1755645796235,0.85055411,0.03651369,0.02478170,0.04581525,0.73107570,0.01721774,0.68053863
1755645796257,0.84029979,0.03467852,0.02898455,0.04184412,0.73271334,0.02260907,0.67887338
1755645796267,0.83064419,0.03274995,0.03303862,0.03866095,0.73410368,0.02730243,0.67738593
1755645796279,0.82145745,0.03076029,0.03694201,0.03537188,0.73544562,0.03150487,0.67592605
1755645796302,0.81258935,0.02870905,0.04078007,0.03185069,0.73651635,0.03551131,0.67473561
1755645796312,0.79509521,0.02427262,0.04843521,0.02427665,0.73817325,0.04362191,0.67276150
1755645796323,0.78348196,0.02101040,0.05356979,0.01933459,0.73891115,0.04905833,0.67173638
1755645796334,0.77352363,0.01815975,0.05808496,0.01484928,0.73946529,0.05416845,0.67084749
1755645796347,0.76344752,0.01532441,0.06278467,0.01045460,0.74006867,0.05926241,0.66983358
1755645796369,0.75341201,0.01242864,0.06758213,0.00673647,0.74067419,0.06398754,0.66877646
1755645796379,0.73458046,0.00688964,0.07676172,0.00129197,0.74154055,0.07043197,0.66719959
1755645796390,0.72304469,0.00357312,0.08249998,-0.00217468,0.74158269,0.07372738,0.66679431
1755645796403,0.71282852,0.00061589,0.08759117,-0.00507175,0.74131548,0.07651857,0.66676124
1755645796425,0.70254368,-0.00232047,0.09286737,-0.00753009,0.74089181,0.07954180,0.66685510
1755645796434,0.68379420,-0.00748092,0.10293102,-0.01131441,0.74029946,0.08498471,0.66678804
1755645796446,0.67147708,-0.01079488,0.10975170,-0.01364225,0.73995072,0.08818674,0.66671578
1755645796458,0.66095376,-0.01362157,0.11557341,-0.01574266,0.73961597,0.09034740,0.66675163
1755645796469,0.65061349,-0.01635134,0.12133217,-0.01799221,0.73917633,0.09206041,0.66694791
1755645796479,0.64013165,-0.01905131,0.12718534,-0.02025922,0.73860591,0.09362002,0.66729765
1755645796490,0.62968457,-0.02162349,0.13308001,-0.02279504,0.73775190,0.09532864,0.66791839
1755645796501,0.61922824,-0.02369136,0.13906574,-0.02628634,0.73659491,0.09818837,0.66865238
1755645796513,0.60896575,-0.02499038,0.14500093,-0.03035565,0.73523282,0.10193841,0.66941750
1755645796523,0.59864652,-0.02576590,0.15088367,-0.03358447,0.73408132,0.10514131,0.67003134
1755645796525,0.58725822,-0.02640480,0.15725422,-0.03465979,0.73329317,0.10638277,0.67064337
1755645796535,0.57730496,-0.02625585,0.16294336,-0.03612828,0.73236346,0.10809601,0.67130750
1755645796547,0.56821859,-0.02564365,0.16812563,-0.03906974,0.73120541,0.11057296,0.67200136
1755645796558,0.55811828,-0.02488256,0.17374325,-0.04217889,0.72991252,0.11273985,0.67285837
1755645796569,0.54711211,-0.02399379,0.17968559,-0.04401601,0.72867167,0.11430052,0.67382163
1755645796602,0.53630662,-0.02302587,0.18538713,-0.04469337,0.72780722,0.11565845,0.67447926
1755645796603,0.51388299,-0.02066004,0.19713402,-0.04533308,0.72719514,0.11741682,0.67479288
1755645796625,0.50386786,-0.01932579,0.20211077,-0.04591614,0.72743845,0.11805267,0.67438014
1755645796636,0.49450409,-0.01774758,0.20665407,-0.04712791,0.72731197,0.11909011,0.67425055
1755645796659,0.48564932,-0.01606643,0.21078920,-0.04832546,0.72691888,0.12003705,0.67442176
1755645796669,0.47058669,-0.01314610,0.21753168,-0.04987478,0.72606051,0.12015211,0.67521264
1755645796702,0.46111500,-0.01139408,0.22161102,-0.05054817,0.72553700,0.11918776,0.67589587
1755645796713,0.43320361,-0.00532830,0.23259211,-0.05422016,0.72258151,0.11642519,0.67925055
1755645796736,0.41579032,-0.00130713,0.23875237,-0.05450962,0.71974087,0.11288243,0.68283186
1755645796747,0.40521097,0.00073200,0.24231291,-0.05495946,0.71766865,0.11084683,0.68530588
1755645796758,0.39719361,0.00197071,0.24491596,-0.05543948,0.71569049,0.10982303,0.68749726
1755645796769,0.38940689,0.00304019,0.24739885,-0.05621454,0.71365648,0.10915124,0.68965234
1755645796780,0.38185239,0.00388795,0.24969769,-0.05706722,0.71169251,0.10879374,0.69166540
1755645796792,0.37481886,0.00451857,0.25185966,-0.05792905,0.70965779,0.10873730,0.69369031
1755645796804,0.36674055,0.00502092,0.25422144,-0.05893283,0.70756602,0.10881389,0.69572752
1755645796814,0.35825971,0.00529963,0.25669384,-0.05981867,0.70535225,0.10908152,0.69785468
1755645796826,0.35095039,0.00564927,0.25902319,-0.06096299,0.70344675,0.10979304,0.69956535
1755645796835,0.34360567,0.00568587,0.26132154,-0.06217551,0.70165294,0.11087809,0.70108730
1755645796870,0.33627081,0.00543112,0.26358557,-0.06378483,0.69994956,0.11248498,0.70238824
1755645796882,0.31698284,0.00283307,0.26882696,-0.06959849,0.69613147,0.12162136,0.70410601
1755645796891,0.30833992,0.00098819,0.27131748,-0.07350362,0.69468653,0.12836290,0.70393949
1755645796902,0.29808843,-0.00159812,0.27428865,-0.08024725,0.69315911,0.13695765,0.70308850
1755645796925,0.28986609,-0.00358891,0.27660608,-0.08832334,0.69168735,0.14341182,0.70228246
1755645796926,0.27982795,-0.00572318,0.27903605,-0.09722692,0.69001770,0.14981801,0.70141076
1755645796947,0.27145365,-0.00717860,0.28087378,-0.10288216,0.68905783,0.15422769,0.70059146
1755645796958,0.26354507,-0.00882167,0.28271341,-0.10703660,0.68848026,0.15782619,0.69973494
1755645796971,0.25609121,-0.01056683,0.28429508,-0.11053008,0.68836022,0.16088157,0.69861322
1755645797013,0.24881548,-0.01221389,0.28578138,-0.11488380,0.68816555,0.16411949,0.69734833
1755645797037,0.21220735,-0.01833916,0.29169083,-0.12814817,0.68632156,0.16972581,0.69550982
1755645797071,0.19374341,-0.02139902,0.29410934,-0.13161027,0.68564999,0.17023944,0.69540014
1755645797080,0.16959128,-0.02549273,0.29625797,-0.13891797,0.68395311,0.17102327,0.69545740
1755645797104,0.15031070,-0.02772242,0.29711962,-0.14047089,0.68281407,0.16978823,0.69656646
1755645797125,0.13131519,-0.02928257,0.29777956,-0.13896224,0.68203801,0.16723864,0.69824415
1755645797137,0.11934881,-0.02996969,0.29813147,-0.13771105,0.68190027,0.16462490,0.69924698
1755645797158,0.10927050,-0.03072733,0.29825735,-0.13629796,0.68199533,0.16193973,0.70005768
1755645797170,0.09996887,-0.03138053,0.29831982,-0.13541500,0.68195325,0.15993368,0.70073087
1755645797194,0.09126349,-0.03215939,0.29834986,-0.13472320,0.68179685,0.15829332,0.70138858
1755645797203,0.07657690,-0.03323257,0.29834509,-0.13609758,0.68111819,0.15778780,0.70189634
1755645797216,0.06702821,-0.03350633,0.29836226,-0.13924834,0.68006963,0.15966658,0.70187021
1755645797225,0.05486672,-0.03356969,0.29847288,-0.14324841,0.67897010,0.16181880,0.70163678
1755645797236,0.04434285,-0.03383553,0.29861689,-0.14556527,0.67841542,0.16214137,0.70162201
1755645797248,0.03441253,-0.03354144,0.29879284,-0.14886037,0.67751080,0.16386520,0.70140424
1755645797259,0.02431899,-0.03318447,0.29880381,-0.15289965,0.67651933,0.16579688,0.70103829
1755645797271,0.01422831,-0.03283781,0.29868317,-0.15653157,0.67572642,0.16792730,0.70049418
1755645797281,0.00415650,-0.03262478,0.29852057,-0.15956780,0.67475820,0.17090380,0.70002242
1755645797292,-0.00560287,-0.03233796,0.29844952,-0.16346604,0.67324037,0.17396566,0.69983013
1755645797305,-0.01455432,-0.03188199,0.29851341,-0.16867282,0.67131353,0.17676329,0.69974450
1755645797315,-0.02361608,-0.03194147,0.29847908,-0.17322274,0.66954690,0.17891621,0.69977841
1755645797327,-0.03275520,-0.03213626,0.29835176,-0.17729358,0.66782504,0.18105532,0.69985403
1755645797337,-0.04180333,-0.03262389,0.29824591,-0.18113832,0.66609443,0.18349386,0.69988365
1755645797348,-0.04979864,-0.03338152,0.29817200,-0.18389142,0.66494382,0.18530514,0.69978259
1755645797359,-0.05711347,-0.03360116,0.29837275,-0.18806778,0.66310697,0.18971279,0.69923437
1755645797370,-0.06445104,-0.03394336,0.29855871,-0.19229856,0.66143078,0.19414292,0.69845481
1755645797382,-0.07191002,-0.03412390,0.29882717,-0.19543710,0.66009421,0.19713424,0.69801008
1755645797393,-0.07980186,-0.03420597,0.29912996,-0.19684309,0.65930438,0.19814448,0.69807542
1755645797405,-0.08769000,-0.03401464,0.29936886,-0.19661318,0.65929872,0.19779288,0.69824525
1755645797416,-0.09555975,-0.03382885,0.29967785,-0.19506258,0.65959794,0.19661727,0.69872942
1755645797453,-0.10306731,-0.03374463,0.29996347,-0.19402731,0.65976608,0.19546654,0.69918163
1755645797484,-0.12358677,-0.03308475,0.30073881,-0.19569066,0.65696991,0.19410076,0.70172687
1755645797494,-0.14223158,-0.03198296,0.30130482,-0.19522131,0.65230359,0.19557384,0.70579002
1755645797539,-0.15354848,-0.03109431,0.30152512,-0.19693733,0.64860994,0.19585131,0.70863467
1755645797548,-0.17013177,-0.02927351,0.30078888,-0.20053842,0.64084559,0.19404098,0.71515688
1755645797570,-0.18065253,-0.02782702,0.29969168,-0.20106685,0.63439966,0.18994966,0.72182292
1755645797593,-0.19018528,-0.02633286,0.29844666,-0.20201665,0.62703316,0.18443857,0.72938406
1755645797604,-0.19558543,-0.02549535,0.29753780,-0.20164803,0.62242145,0.18049963,0.73440417
1755645797617,-0.20069212,-0.02455223,0.29643822,-0.20074690,0.61822195,0.17659128,0.73913316
1755645797628,-0.20510137,-0.02375633,0.29536438,-0.19978441,0.61439037,0.17349024,0.74331137
1755645797683,-0.20952371,-0.02290410,0.29425859,-0.19938413,0.61009628,0.17058647,0.74761538
1755645797693,-0.22850716,-0.02026522,0.28843260,-0.19965791,0.58326147,0.15737239,0.77147697
1755645797726,-0.24179667,-0.01919210,0.28360271,-0.19929450,0.55936559,0.14887816,0.79071305
1755645797749,-0.25128290,-0.01920176,0.27990866,-0.20190072,0.53912663,0.14352368,0.80497175
1755645797771,-0.25640786,-0.01929128,0.27768707,-0.20404982,0.52613116,0.14109930,0.81341297
1755645797782,-0.26259506,-0.01920462,0.27492332,-0.20591645,0.50982690,0.13828726,0.82374242
1755645797794,-0.26746809,-0.01927328,0.27289915,-0.20629192,0.49831910,0.13586693,0.83106070
1755645797805,-0.27203882,-0.01928383,0.27101088,-0.20614562,0.48809657,0.13332751,0.83754970
1755645797817,-0.27602005,-0.01938832,0.26941919,-0.20565681,0.47894958,0.13094187,0.84330706
1755645797839,-0.27994305,-0.01960480,0.26781511,-0.20507957,0.46897652,0.12834760,0.84942939
1755645797850,-0.28506804,-0.02007580,0.26582479,-0.20483449,0.45571499,0.12486835,0.85718993
1755645797860,-0.28880435,-0.02066016,0.26452351,-0.20541011,0.44598153,0.12242782,0.86250715
1755645797896,-0.29248631,-0.02131182,0.26321363,-0.20631437,0.43619989,0.11982689,0.86764368
1755645797927,-0.30707037,-0.02406937,0.25803566,-0.21065424,0.39343090,0.11368436,0.88764451
1755645797949,-0.31999958,-0.02700084,0.25491095,-0.21679196,0.35545166,0.10954154,0.90258297
1755645797960,-0.32898378,-0.02859294,0.25246191,-0.21899976,0.32943095,0.10520379,0.91238507
1755645797993,-0.33867180,-0.03010017,0.25018740,-0.21987775,0.30338164,0.10025784,0.92171673
1755645798004,-0.34858584,-0.03195393,0.24854851,-0.22067497,0.27755299,0.09543031,0.93013975
1755645798017,-0.35438144,-0.03302950,0.24762821,-0.22206170,0.26157323,0.09219734,0.93475542
1755645798039,-0.35955703,-0.03362972,0.24667549,-0.22414806,0.24802747,0.08986963,0.93817028
1755645798050,-0.36470962,-0.03476846,0.24580908,-0.22350083,0.23574345,0.08648933,0.94180253
1755645798061,-0.36964905,-0.03556055,0.24510050,-0.22295516,0.22411690,0.08282107,0.94509433
1755645798084,-0.37425953,-0.03630441,0.24441910,-0.22307145,0.21274015,0.07909038,0.94801132
1755645798094,-0.38195312,-0.03728014,0.24310303,-0.22588586,0.19165129,0.07236023,0.95237039
1755645798117,-0.38666296,-0.03795278,0.24223757,-0.22775007,0.17820356,0.06872723,0.95480363
1755645798127,-0.39541435,-0.03900534,0.24077559,-0.23019467,0.15366973,0.06345458,0.95883760
1755645798140,-0.40040255,-0.03926545,0.23994875,-0.23213095,0.13884315,0.05992980,0.96085703
1755645798150,-0.40601444,-0.03869474,0.23854542,-0.23743486,0.12003735,0.05571461,0.96234693
1755645798160,-0.41034830,-0.03881222,0.23715258,-0.23769623,0.10458694,0.05194081,0.96429468
1755645798172,-0.41416776,-0.03879237,0.23592281,-0.23659686,0.09057715,0.04909120,0.96613030
1755645798206,-0.41751188,-0.03871149,0.23484516,-0.23607992,0.07779941,0.04679098,0.96748340
1755645798216,-0.42439020,-0.03815275,0.23308182,-0.23839418,0.04752920,0.04086340,0.96914363
1755645798227,-0.42784750,-0.03779566,0.23193359,-0.24104336,0.02714545,0.03798436,0.96939074
1755645798239,-0.42998838,-0.03761131,0.23125267,-0.24287188,0.01174997,0.03660690,0.96929620
1755645798251,-0.43166596,-0.03747171,0.23076916,-0.24469475,-0.00094632,0.03467439,0.96897950
1755645798262,-0.43308568,-0.03738904,0.23039007,-0.24624416,-0.01355276,0.03203434,0.96858347
1755645798283,-0.43421781,-0.03736675,0.23014164,-0.24741748,-0.02605437,0.02904299,0.96812306
1755645798285,-0.43507695,-0.03727746,0.22997141,-0.24793559,-0.04098032,0.02516938,0.96758207
1755645798295,-0.43546343,-0.03710127,0.22999811,-0.24782230,-0.05322387,0.02216891,0.96708835
1755645798306,-0.43567181,-0.03693414,0.23012018,-0.24776541,-0.06584872,0.01944597,0.96638403
1755645798317,-0.43560696,-0.03678238,0.23043680,-0.24761722,-0.07889869,0.01672251,0.96549524
1755645798328,-0.43529904,-0.03653491,0.23099566,-0.24773754,-0.09436042,0.01348252,0.96412678
1755645798339,-0.43470109,-0.03627837,0.23170567,-0.24824502,-0.10923156,0.01075949,0.96245889
1755645798361,-0.43399096,-0.03603727,0.23254204,-0.24853647,-0.12403697,0.00820981,0.96061285
1755645798362,-0.43276560,-0.03563404,0.23375940,-0.24878513,-0.14250183,0.00559713,0.95800201
1755645798395,-0.43190134,-0.03547829,0.23457527,-0.24834307,-0.15331605,0.00441496,0.95645199
1755645798405,-0.42876840,-0.03458625,0.23765659,-0.24663461,-0.18592692,0.00029836,0.95110591
1755645798429,-0.42681563,-0.03414798,0.23952818,-0.24545600,-0.20244941,-0.00111751,0.94803182
1755645798430,-0.42350078,-0.03355545,0.24285412,-0.24385771,-0.22878939,-0.00346228,0.94243135
1755645798452,-0.42010391,-0.03299493,0.24658155,-0.24245790,-0.25284868,-0.00632559,0.93661182
1755645798461,-0.41756451,-0.03238100,0.24979401,-0.24127139,-0.27075452,-0.00862774,0.93188286
1755645798473,-0.41511726,-0.03171468,0.25284958,-0.23990196,-0.28700304,-0.01073064,0.92734090
1755645798494,-0.41271418,-0.03105366,0.25570011,-0.23853266,-0.30196109,-0.01265454,0.92290928
1755645798495,-0.40978301,-0.03022969,0.25896931,-0.23633353,-0.31895386,-0.01506268,0.91770802
1755645798506,-0.40745544,-0.02957904,0.26173544,-0.23461604,-0.33213258,-0.01674299,0.91343469
1755645798518,-0.40500498,-0.02879363,0.26499987,-0.23269669,-0.34636649,-0.01862774,0.90858985
1755645798529,-0.40263510,-0.02791297,0.26826048,-0.23098858,-0.36002761,-0.02039130,0.90366398
1755645798539,-0.39984822,-0.02696288,0.27215910,-0.22869075,-0.37579281,-0.02203018,0.89777223
1755645798550,-0.39719498,-0.02612329,0.27582026,-0.22602597,-0.39016858,-0.02332529,0.89226491
1755645798561,-0.39459562,-0.02514780,0.27957964,-0.22367331,-0.40389508,-0.02448742,0.88670140
1755645798573,-0.39199936,-0.02425718,0.28345203,-0.22142174,-0.41721781,-0.02530989,0.88105682
1755645798596,-0.38971162,-0.02328461,0.28763962,-0.21926305,-0.43008009,-0.02628177,0.87536512
1755645798606,-0.38666558,-0.02191722,0.29330111,-0.21686648,-0.44697662,-0.02774046,0.86741645
1755645798607,-0.38483226,-0.02122265,0.29665756,-0.21520047,-0.45627882,-0.02806608,0.86296622
1755645798630,-0.38279390,-0.02042776,0.30006504,-0.21338111,-0.46585080,-0.02858174,0.85827421
1755645798640,-0.37969720,-0.01922524,0.30531645,-0.20953379,-0.47980835,-0.02974756,0.85146616
1755645798641,-0.37786943,-0.01840341,0.30876017,-0.20678869,-0.48844489,-0.03067410,0.84718305
1755645798662,-0.37603748,-0.01759958,0.31258869,-0.20377572,-0.49716833,-0.03140777,0.84280049
1755645798674,-0.37391281,-0.01658481,0.31726027,-0.20087840,-0.50715131,-0.03207184,0.83750630
1755645798696,-0.37191772,-0.01589638,0.32130957,-0.19848548,-0.51533984,-0.03232640,0.83305664
1755645798707,-0.36747980,-0.01440471,0.32986927,-0.19501238,-0.53191657,-0.03389851,0.82333822
1755645798742,-0.36509311,-0.01371336,0.33445501,-0.19292577,-0.53989300,-0.03503505,0.81857666
1755645798752,-0.35709381,-0.01095545,0.34975910,-0.18639945,-0.56444103,-0.03780609,0.80326351
1755645798798,-0.35224771,-0.00928909,0.35861921,-0.18142623,-0.57784784,-0.03806722,0.79481274
1755645798806,-0.34520400,-0.00673002,0.37228060,-0.17694413,-0.59653800,-0.04121611,0.78175087
1755645798830,-0.34045529,-0.00489849,0.38117075,-0.17256051,-0.60845154,-0.04169060,0.77348012
1755645798852,-0.33597338,-0.00323892,0.38975954,-0.16798768,-0.61905045,-0.04146764,0.76605294
1755645798863,-0.33385587,-0.00261104,0.39458370,-0.16643866,-0.62413824,-0.04155879,0.76224832
1755645798888,-0.33208215,-0.00213546,0.39890194,-0.16561115,-0.62843229,-0.04227767,0.75885335
1755645798913,-0.32897651,-0.00145161,0.40715742,-0.16339213,-0.63646156,-0.04370897,0.75253520
1755645798925,-0.32619202,-0.00117284,0.41478920,-0.16091486,-0.64308197,-0.04459337,0.74737101
1755645798952,-0.32456291,-0.00107211,0.41947794,-0.15933826,-0.64660043,-0.04519851,0.74463165
1755645798953,-0.32218438,-0.00107157,0.42662764,-0.15660253,-0.65136302,-0.04671475,0.74095856
1755645798997,-0.32031363,-0.00105613,0.43260193,-0.15449817,-0.65506369,-0.04898192,0.73798553
1755645799007,-0.31698823,-0.00018382,0.44256735,-0.15108296,-0.66100497,-0.05349230,0.73306544
1755645799029,-0.31461352,0.00065917,0.44848680,-0.14728411,-0.66436607,-0.05558435,0.73064047
1755645799055,-0.31327498,0.00105596,0.45205116,-0.14524997,-0.66586488,-0.05669407,0.72959728
1755645799064,-0.31169635,0.00159872,0.45641994,-0.14364416,-0.66754580,-0.05921933,0.72817720
1755645799075,-0.31059712,0.00211769,0.45930433,-0.14253807,-0.66842109,-0.06073011,0.72746684
1755645799109,-0.30956078,0.00268382,0.46180439,-0.14141885,-0.66885460,-0.06124136,0.72724393
1755645799149,-0.30662429,0.00396597,0.46747303,-0.13686022,-0.66869575,-0.06025769,0.72834352
1755645799188,-0.30286109,0.00464153,0.47507572,-0.13051006,-0.66727918,-0.06138983,0.73070986
1755645799208,-0.29975951,0.00532341,0.48210144,-0.12955340,-0.66600657,-0.06438091,0.73178294
1755645799231,-0.29749006,0.00566339,0.48578119,-0.12885602,-0.66469514,-0.06571511,0.73297886
1755645799253,-0.29522729,0.00625551,0.48904133,-0.12732619,-0.66401219,-0.06675689,0.73377065
1755645799265,-0.29359055,0.00688887,0.49110603,-0.12568765,-0.66409648,-0.06692722,0.73396133
1755645799285,-0.29214579,0.00735235,0.49300766,-0.12401071,-0.66425908,-0.06615768,0.73416918
1755645799297,-0.29088140,0.00761592,0.49473619,-0.12260832,-0.66441638,-0.06540069,0.73433019
1755645799309,-0.28971279,0.00786746,0.49632454,-0.12161952,-0.66442544,-0.06499971,0.73452200
1755645799321,-0.28845543,0.00808299,0.49776316,-0.12096631,-0.66424096,-0.06478739,0.73481541
1755645799331,-0.28722203,0.00834537,0.49912453,-0.12059985,-0.66385675,-0.06461546,0.73523788
1755645799353,-0.28593802,0.00863731,0.50039911,-0.12012099,-0.66341156,-0.06440209,0.73573665
1755645799364,-0.28285867,0.00928712,0.50308752,-0.11736491,-0.66257787,-0.06297020,0.73705550
1755645799376,-0.28097349,0.00960726,0.50447512,-0.11494400,-0.66217297,-0.06172705,0.73790555
1755645799386,-0.27912897,0.00991452,0.50586891,-0.11270491,-0.66170061,-0.06037987,0.73878561
1755645799421,-0.27722114,0.01013434,0.50723791,-0.11116705,-0.66116208,-0.05900100,0.73961170
1755645799430,-0.27058655,0.01064682,0.51122427,-0.10689249,-0.65836900,-0.05461790,0.74306200
1755645799463,-0.26606256,0.01112849,0.51322031,-0.10416572,-0.65597719,-0.05237052,0.74572164
1755645799486,-0.26119041,0.01174450,0.51511478,-0.10228909,-0.65395291,-0.05088242,0.74785929
1755645799496,-0.25778580,0.01170892,0.51636457,-0.10126677,-0.65262151,-0.04882185,0.74929742
1755645799510,-0.25400555,0.01133919,0.51759911,-0.10059484,-0.65078056,-0.04629190,0.75114739
1755645799519,-0.25075826,0.01098973,0.51845598,-0.10060010,-0.64915568,-0.04497249,0.75263138
1755645799543,-0.24806678,0.01065034,0.51899099,-0.10041513,-0.64806236,-0.04433151,0.75363566
1755645799553,-0.24531943,0.01029432,0.51947260,-0.09956251,-0.64711356,-0.04339331,0.75461802
1755645799564,-0.24254900,0.00987381,0.51988316,-0.09867749,-0.64631259,-0.04218431,0.75548876
1755645799586,-0.23990136,0.00949520,0.52017355,-0.09812268,-0.64565177,-0.04135017,0.75617187
1755645799587,-0.23515236,0.00923240,0.52033043,-0.09806612,-0.64444937,-0.04133766,0.75720489
1755645799610,-0.23174921,0.00918949,0.52021360,-0.09836603,-0.64353145,-0.04135870,0.75794515
1755645799620,-0.22859424,0.00920957,0.51999474,-0.09875864,-0.64273721,-0.04138726,0.75856622
1755645799631,-0.22538060,0.00934893,0.51965809,-0.09896188,-0.64201880,-0.04158420,0.75913712
1755645799642,-0.22209296,0.00937164,0.51917171,-0.09843677,-0.64142847,-0.04158679,0.75970406
1755645799652,-0.21874446,0.00929654,0.51856995,-0.09792867,-0.64089060,-0.04161004,0.76022222
1755645799665,-0.21537989,0.00921214,0.51787186,-0.09791504,-0.64034325,-0.04177921,0.76067580
1755645799677,-0.21197829,0.00917178,0.51705122,-0.09833063,-0.63974965,-0.04215905,0.76110058
1755645799687,-0.20865944,0.00912762,0.51613283,-0.09848024,-0.63918471,-0.04227684,0.76154922
1755645799688,-0.20516801,0.00914496,0.51512671,-0.09830406,-0.63866389,-0.04225759,0.76200987
1755645799699,-0.20158520,0.00916594,0.51400661,-0.09774660,-0.63818515,-0.04158681,0.76251941
1755645799720,-0.19817558,0.00910544,0.51287556,-0.09683658,-0.63788951,-0.04038172,0.76294755
1755645799722,-0.19340834,0.00887817,0.51109076,-0.09510642,-0.63759667,-0.03833882,0.76351515
1755645799732,-0.18976051,0.00868893,0.50966597,-0.09379304,-0.63734061,-0.03710651,0.76395217
1755645799753,-0.18606693,0.00845289,0.50810575,-0.09268186,-0.63718003,-0.03602495,0.76427343
1755645799754,-0.18135157,0.00797766,0.50602341,-0.09158582,-0.63695324,-0.03456655,0.76466186
1755645799764,-0.17716402,0.00746334,0.50409842,-0.09081296,-0.63671559,-0.03337909,0.76500464
1755645799817,-0.17328227,0.00694764,0.50223923,-0.09042127,-0.63648975,-0.03230873,0.76528488
1755645799844,-0.15051970,0.00303930,0.48998737,-0.08759632,-0.63559258,-0.02702979,0.76656268
1755645799887,-0.13315916,-0.00092924,0.47952843,-0.08732958,-0.63464642,-0.02445252,0.76746306
1755645799898,-0.11617282,-0.00565648,0.46848631,-0.08957970,-0.63321394,-0.02448989,0.76838521
1755645799931,-0.09497252,-0.01006114,0.45449924,-0.08642833,-0.63362355,-0.02278502,0.76846092
1755645799953,-0.08010727,-0.01347983,0.44433069,-0.08408173,-0.63454480,-0.02144779,0.76799945
1755645799966,-0.07093653,-0.01567692,0.43781281,-0.08433801,-0.63516391,-0.02181772,0.76744895
1755645799988,-0.06292704,-0.01757288,0.43196058,-0.08472988,-0.63590009,-0.02276911,0.76676822
1755645799999,-0.05535769,-0.01919544,0.42631626,-0.08494210,-0.63676822,-0.02319307,0.76601120
1755645800022,-0.04788232,-0.02069628,0.42069483,-0.08468981,-0.63785929,-0.02290735,0.76513948
1755645800031,-0.03460237,-0.02294821,0.41057444,-0.08371843,-0.63985300,-0.02166349,0.76361643
1755645800043,-0.02567700,-0.02421147,0.40369463,-0.08285429,-0.64107949,-0.02028944,0.76271921
1755645800065,-0.01721588,-0.02537018,0.39715958,-0.08213368,-0.64206981,-0.01884761,0.76200077
1755645800076,-0.00331013,-0.02574581,0.38611269,-0.08441518,-0.64424355,-0.02003528,0.75988349
1755645800089,0.00598715,-0.02506256,0.37875891,-0.08548350,-0.64618433,-0.02114947,0.75808382
1755645800100,0.01508400,-0.02475756,0.37170410,-0.08349887,-0.64812285,-0.01920158,0.75670074
1755645800109,0.02367723,-0.02371252,0.36507368,-0.08425010,-0.64977724,-0.01803876,0.75522584
1755645800121,0.03180605,-0.02234453,0.35884142,-0.08512795,-0.65128183,-0.01771983,0.75383766
1755645800132,0.04018795,-0.02060616,0.35245895,-0.08514369,-0.65291059,-0.01807269,0.75241723
1755645800143,0.04890761,-0.01853704,0.34602022,-0.08497649,-0.65472102,-0.01830559,0.75085570
1755645800154,0.05726805,-0.01638776,0.33998871,-0.08516340,-0.65643359,-0.01781400,0.74934959
1755645800165,0.06539933,-0.01425064,0.33421087,-0.08546889,-0.65798104,-0.01666386,0.74798285
1755645800166,0.07350031,-0.01214498,0.32840204,-0.08536409,-0.65939957,-0.01530499,0.74677368
1755645800177,0.08114395,-0.01007062,0.32295084,-0.08500412,-0.66047258,-0.01433147,0.74588530
1755645800188,0.08854784,-0.00809598,0.31766129,-0.08410438,-0.66143930,-0.01352490,0.74514534
1755645800198,0.09677239,-0.00600809,0.31178856,-0.08209821,-0.66240800,-0.01271294,0.74452260
1755645800210,0.10480523,-0.00410855,0.30621767,-0.07949516,-0.66360397,-0.01222219,0.74374788
1755645800220,0.11277741,-0.00218946,0.30083609,-0.07674564,-0.66511178,-0.01166050,0.74269810
1755645800243,0.12017536,-0.00024021,0.29604721,-0.07485121,-0.66669959,-0.01118014,0.74147418
1755645800244,0.12946080,0.00235927,0.29028606,-0.07256188,-0.66867245,-0.01004259,0.73993991
1755645800254,0.13497227,0.00384301,0.28692627,-0.07097534,-0.66972953,-0.00940704,0.73914570
1755645800287,0.14217991,0.00566036,0.28262901,-0.06856693,-0.67117405,-0.00887512,0.73806856
1755645800289,0.15790750,0.00951356,0.27349758,-0.06626965,-0.67440534,-0.00819611,0.73533570
1755645800321,0.16533002,0.01117581,0.26926804,-0.06611688,-0.67577189,-0.00795414,0.73409648
1755645800322,0.17692313,0.01372653,0.26290941,-0.06660511,-0.67767763,-0.00859743,0.73228606
1755645800356,0.18510363,0.01517552,0.25863695,-0.06723333,-0.67922538,-0.00902500,0.73078800
1755645800367,0.20169774,0.01773024,0.25030518,-0.06896315,-0.68246454,-0.01018889,0.72758671
1755645800400,0.21042091,0.01883370,0.24611712,-0.07007633,-0.68401653,-0.01084370,0.72601178
1755645800411,0.22910738,0.02043015,0.23772955,-0.07149376,-0.68725360,-0.01245754,0.72278347
1755645800433,0.23857623,0.02095002,0.23380852,-0.07168934,-0.68902653,-0.01261197,0.72107143
1755645800443,0.25009835,0.02120572,0.22912073,-0.07154917,-0.69100040,-0.01240006,0.71919775
1755645800455,0.25908923,0.02106088,0.22557354,-0.07180271,-0.69233173,-0.01218521,0.71789460
1755645800477,0.26619062,0.02071995,0.22288513,-0.07256448,-0.69314659,-0.01248250,0.71702608
1755645800489,0.27338400,0.02023131,0.22023773,-0.07344849,-0.69406450,-0.01351846,0.71602866
1755645800500,0.28071371,0.01969123,0.21764851,-0.07442655,-0.69510347,-0.01497794,0.71488987
1755645800510,0.28824034,0.01917118,0.21509981,-0.07521685,-0.69632101,-0.01639007,0.71359011
1755645800521,0.29593492,0.01855475,0.21263695,-0.07540876,-0.69757313,-0.01696685,0.71233235
1755645800532,0.30374297,0.01790297,0.21018791,-0.07552646,-0.69879490,-0.01712246,0.71111761
1755645800544,0.31161425,0.01714313,0.20783901,-0.07572726,-0.69984335,-0.01696315,0.71006825
1755645800555,0.31954920,0.01625377,0.20553112,-0.07630279,-0.70073390,-0.01670550,0.70913385
1755645800557,0.32752964,0.01532805,0.20328903,-0.07711441,-0.70145023,-0.01689941,0.70833280
1755645800578,0.33558825,0.01428741,0.20104933,-0.07758017,-0.70217592,-0.01736170,0.70755132
1755645800588,0.34394163,0.01319051,0.19892693,-0.07817923,-0.70287550,-0.01796432,0.70677530
1755645800590,0.35196880,0.01208925,0.19701338,-0.07889511,-0.70363164,-0.01830124,0.70593423
1755645800600,0.36034185,0.01090759,0.19511318,-0.07947713,-0.70433533,-0.01836255,0.70516519
1755645800621,0.36817858,0.00974065,0.19336128,-0.07972720,-0.70493472,-0.01846211,0.70453514
1755645800623,0.37744683,0.00827616,0.19136000,-0.07977288,-0.70542073,-0.01835483,0.70404615
1755645800633,0.38587052,0.00675917,0.18967438,-0.07963934,-0.70575953,-0.01808943,0.70372853
1755645800644,0.39405560,0.00526804,0.18808842,-0.07929883,-0.70603532,-0.01795129,0.70349384
1755645800656,0.40382636,0.00328279,0.18635607,-0.07851300,-0.70626634,-0.01738469,0.70336430
1755645800666,0.41305438,0.00127351,0.18489122,-0.07737098,-0.70639277,-0.01677850,0.70337861
1755645800678,0.42231783,-0.00073498,0.18351269,-0.07634718,-0.70638424,-0.01662644,0.70350265
1755645800712,0.43169552,-0.00267959,0.18211651,-0.07573945,-0.70628595,-0.01684605,0.70366178
1755645800723,0.45501271,-0.00780642,0.17874575,-0.07284607,-0.70563495,-0.01825324,0.70458469
1755645800734,0.46590593,-0.01004809,0.17730141,-0.07179218,-0.70521927,-0.01937866,0.70507881
1755645800744,0.47665074,-0.01214248,0.17592478,-0.07066307,-0.70482391,-0.02034426,0.70556084
1755645800757,0.48703226,-0.01406097,0.17465305,-0.06950167,-0.70427340,-0.02114008,0.70620223
1755645800768,0.49693403,-0.01583141,0.17345715,-0.06840865,-0.70377940,-0.02185790,0.70677935
1755645800778,0.50652456,-0.01721299,0.17231703,-0.06798870,-0.70343322,-0.02312198,0.70712419
1755645800789,0.51580870,-0.01849240,0.17131805,-0.06775419,-0.70314586,-0.02379024,0.70741027
1755645800801,0.52599859,-0.01971394,0.17024422,-0.06800095,-0.70296526,-0.02436139,0.70754663
1755645800812,0.53740382,-0.02080870,0.16907740,-0.06870469,-0.70273793,-0.02488492,0.70768624
1755645800824,0.54891479,-0.02166390,0.16792822,-0.06978836,-0.70245957,-0.02534332,0.70784027
1755645800825,0.56055325,-0.02140462,0.16676331,-0.07239127,-0.70209134,-0.02764930,0.70785788
1755645800865,0.57210636,-0.02058679,0.16562700,-0.07305234,-0.70166028,-0.02904968,0.70816123
1755645800898,0.60789615,-0.01562029,0.16234779,-0.06717669,-0.70049262,-0.02534281,0.71003882
1755645800931,0.65309232,-0.00665051,0.15858126,-0.06008421,-0.69987464,-0.02349964,0.71134601
1755645800978,0.68578613,-0.00041944,0.15579510,-0.05489165,-0.70298332,-0.02419285,0.70867204
1755645801012,0.73110348,0.00850052,0.15058041,-0.05686831,-0.70545417,-0.02436290,0.70605018
1755645801048,0.76310140,0.01518774,0.14589787,-0.05474509,-0.70630652,-0.02071634,0.70548204
1755645801078,0.79293418,0.02036279,0.14044046,-0.05718971,-0.70608091,-0.02245465,0.70546075
1755645801116,0.81255484,0.02305067,0.13644743,-0.06279776,-0.70439202,-0.02512897,0.70658111
1755645801150,0.84714383,0.02658576,0.12908173,-0.06835004,-0.70132941,-0.02706102,0.70903669
1755645801169,0.87523639,0.02725238,0.12241888,-0.07202270,-0.69902682,-0.02816014,0.71090171
1755645801201,0.89455789,0.02720571,0.11747122,-0.07384299,-0.69776481,-0.02962377,0.71189459
1755645801236,0.91194898,0.02677047,0.11299324,-0.07291812,-0.69746929,-0.02885341,0.71231104
1755645801245,0.93814242,0.02481711,0.10535049,-0.07287721,-0.69656921,-0.02661448,0.71328250
1755645801267,0.95665365,0.02323335,0.09973574,-0.07334267,-0.69580507,-0.02653948,0.71398306
1755645801291,0.97534442,0.02080506,0.09365129,-0.07304286,-0.69567740,-0.02576138,0.71416668
1755645801302,0.98613560,0.01901740,0.08991385,-0.07400681,-0.69545662,-0.02524896,0.71430075
1755645801324,0.99602824,0.01712841,0.08637857,-0.07482484,-0.69504476,-0.02487533,0.71462945
1755645801334,1.00566149,0.01499307,0.08282995,-0.07566024,-0.69455117,-0.02450711,0.71503399
1755645801346,1.01507115,0.01289248,0.07930851,-0.07704967,-0.69392789,-0.02465708,0.71548547
1755645801358,1.02416706,0.01092058,0.07578325,-0.07829784,-0.69354964,-0.02468551,0.71571571
1755645801368,1.03350639,0.00914097,0.07217121,-0.07937261,-0.69330281,-0.02470241,0.71583587
1755645801379,1.04368281,0.00722891,0.06821632,-0.07957196,-0.69325054,-0.02372917,0.71589729
1755645801391,1.05415738,0.00523859,0.06411028,-0.07875063,-0.69342291,-0.02188395,0.71587994
1755645801402,1.06471896,0.00317150,0.05992126,-0.07780953,-0.69371069,-0.01976746,0.71576561
1755645801413,1.07534647,0.00105131,0.05562830,-0.07751815,-0.69403970,-0.01773851,0.71553139
1755645801424,1.08590686,-0.00102907,0.05117750,-0.07816759,-0.69440913,-0.01632218,0.71513591
1755645801435,1.09658420,-0.00305033,0.04657698,-0.07941701,-0.69470793,-0.01533361,0.71472982
1755645801436,1.10741627,-0.00503212,0.04187202,-0.08091911,-0.69493324,-0.01424657,0.71436470
1755645801459,1.11839449,-0.00703686,0.03699255,-0.08256541,-0.69515592,-0.01293014,0.71398460
1755645801468,1.13130784,-0.00927353,0.03109503,-0.08430616,-0.69567478,-0.01187794,0.71329376
1755645801480,1.14136744,-0.01085562,0.02640676,-0.08568597,-0.69624478,-0.01155077,0.71257821
1755645801501,1.15226817,-0.01244766,0.02134180,-0.08698908,-0.69688243,-0.01113956,0.71180313
1755645801503,1.17505491,-0.01528209,0.01063585,-0.08937389,-0.69768268,-0.00968550,0.71074424
1755645801524,1.18721378,-0.01606470,0.00483751,-0.09135137,-0.69778669,-0.00994838,0.71038700
1755645801534,1.19914722,-0.01565534,-0.00080776,-0.09451873,-0.69799680,-0.01267182,0.70972256
1755645801547,1.21141207,-0.01511198,-0.00641012,-0.09451793,-0.69838578,-0.01342146,0.70932611
1755645801569,1.22372067,-0.01442087,-0.01189375,-0.09243348,-0.69891220,-0.01158036,0.70911472
1755645801579,1.24669993,-0.01173455,-0.02198792,-0.09292405,-0.69957590,-0.00999198,0.70841996
1755645801592,1.25961995,-0.00978500,-0.02761841,-0.09066152,-0.69960642,-0.01084923,0.70867033
1755645801603,1.27140164,-0.00782043,-0.03245401,-0.08709607,-0.69951856,-0.01188166,0.70918748
1755645801635,1.28263032,-0.00608236,-0.03675127,-0.08436487,-0.69936830,-0.01116571,0.70967731
1755645801636,1.31273651,-0.00124735,-0.04763269,-0.07802412,-0.69880307,-0.00893479,0.71098993
1755645801659,1.33188903,0.00247627,-0.05387974,-0.07534816,-0.69887996,-0.00967265,0.71119329
1755645801669,1.34663427,0.00542939,-0.05823517,-0.07233633,-0.69956476,-0.00909329,0.71084029
1755645801692,1.35918462,0.00796843,-0.06164789,-0.06988245,-0.70054913,-0.00835419,0.71012504
1755645801702,1.36995518,0.00999236,-0.06440592,-0.06776417,-0.70163351,-0.00689867,0.70927487
1755645801724,1.38015938,0.01188654,-0.06689882,-0.06618657,-0.70279491,-0.00563058,0.70828451
1755645801725,1.39856160,0.01538891,-0.07121420,-0.06476165,-0.70508653,-0.00470607,0.70614217
1755645801747,1.41070020,0.01761401,-0.07382441,-0.06438734,-0.70687896,-0.00425340,0.70438506
1755645801758,1.42102373,0.01929575,-0.07583189,-0.06439894,-0.70856887,-0.00339306,0.70268871
1755645801768,1.43084157,0.02080876,-0.07770014,-0.06434819,-0.71019751,-0.00290429,0.70104948
1755645801781,1.44075477,0.02211189,-0.07948780,-0.06398580,-0.71187985,-0.00268736,0.69937520
1755645801791,1.45068240,0.02326190,-0.08116627,-0.06387639,-0.71365654,-0.00287220,0.69757143
1755645801802,1.46056437,0.02431715,-0.08272505,-0.06417384,-0.71563369,-0.00333685,0.69551348
1755645801814,1.47039437,0.02530444,-0.08415508,-0.06458355,-0.71769816,-0.00410289,0.69334082
1755645801826,1.48031795,0.02610606,-0.08546925,-0.06489780,-0.71986002,-0.00447475,0.69106426
1755645801836,1.49023366,0.02681559,-0.08666992,-0.06529639,-0.72187042,-0.00465307,0.68892512
1755645801847,1.50016367,0.02734578,-0.08787060,-0.06546602,-0.72385258,-0.00447560,0.68682721
1755645801848,1.51012599,0.02766490,-0.08898640,-0.06570090,-0.72561926,-0.00433658,0.68493889
1755645801859,1.51995468,0.02773523,-0.09003735,-0.06604882,-0.72726607,-0.00453733,0.68315520
1755645801869,1.52894759,0.02755791,-0.09091377,-0.06626234,-0.72871512,-0.00487072,0.68158628
1755645801882,1.53899837,0.02728057,-0.09184122,-0.06665127,-0.73044080,-0.00587594,0.67969061
1755645801899,1.54989421,0.02681750,-0.09266233,-0.06668909,-0.73227257,-0.00691481,0.67770321
1755645801949,1.56104767,0.02632433,-0.09344864,-0.06674244,-0.73404849,-0.00809723,0.67576083
1755645801975,1.60954130,0.02181900,-0.09659815,-0.06774914,-0.73875010,-0.01150880,0.67046693
1755645801993,1.64276731,0.01699454,-0.09789467,-0.06750179,-0.74004382,-0.01453654,0.66900474
1755645802043,1.66570425,0.01300418,-0.09857559,-0.06832386,-0.73997504,-0.01630540,0.66895660
1755645802088,1.70765483,0.00563544,-0.09904623,-0.06795737,-0.73748559,-0.01967447,0.67164702
1755645802119,1.74980175,-0.00093460,-0.09793139,-0.06635451,-0.73474061,-0.02016350,0.67479385
1755645802159,1.78665709,-0.00451630,-0.09657764,-0.06141812,-0.73210114,-0.02084415,0.67810121
1755645802194,1.83357489,-0.00445187,-0.09372377,-0.05536614,-0.73077422,-0.01699507,0.68015792
1755645802215,1.87249184,0.00207001,-0.09131575,-0.05022853,-0.72686238,-0.00921861,0.68488189
1755645802247,1.90828764,0.00941360,-0.08976841,-0.04641096,-0.72462988,-0.00594905,0.68754794
1755645802283,1.93148696,0.01308829,-0.08899498,-0.04497718,-0.72201425,-0.00423799,0.69040171
1755645802293,1.95060170,0.01637036,-0.08883572,-0.04519325,-0.71986961,-0.00818138,0.69258817
1755645802316,1.96970594,0.02001494,-0.08919859,-0.04419521,-0.71778101,-0.00940034,0.69480130
1755645802326,1.98131406,0.02185589,-0.08988476,-0.04300513,-0.71592808,-0.00798517,0.69680254
1755645802348,1.99137294,0.02330369,-0.09053755,-0.04201625,-0.71399498,-0.00701070,0.69885381
1755645802359,2.00087404,0.02508456,-0.09115171,-0.04266430,-0.71223295,-0.00789589,0.70060092
1755645802370,2.01022911,0.02682269,-0.09166622,-0.04353846,-0.71091217,-0.00808060,0.70188532
1755645802381,2.01924872,0.02835250,-0.09220839,-0.04407936,-0.70989126,-0.00744113,0.70289120
1755645802392,2.02791190,0.02969581,-0.09279919,-0.04458595,-0.70897037,-0.00679310,0.70379469
1755645802404,2.03649473,0.03095567,-0.09345913,-0.04550754,-0.70802027,-0.00651631,0.70469419
1755645802415,2.04597712,0.03214008,-0.09421444,-0.04686620,-0.70695585,-0.00623565,0.70567563
1755645802426,2.05542040,0.03318155,-0.09499025,-0.04852824,-0.70583737,-0.00609235,0.70668345
1755645802427,2.06482983,0.03407574,-0.09578562,-0.05044311,-0.70479667,-0.00591243,0.70758900
1755645802438,2.07420158,0.03486729,-0.09655142,-0.05230907,-0.70382398,-0.00554701,0.70842416
1755645802449,2.08286428,0.03553683,-0.09725618,-0.05388652,-0.70304680,-0.00510144,0.70908068
1755645802460,2.09256268,0.03618199,-0.09803534,-0.05540022,-0.70223081,-0.00466516,0.70977527
1755645802482,2.10261154,0.03673184,-0.09889793,-0.05671284,-0.70150441,-0.00430208,0.71039194
1755645802493,2.11536193,0.03706318,-0.10012054,-0.05778669,-0.70072317,-0.00393517,0.71107823
1755645802516,2.12399960,0.03713089,-0.10102272,-0.05845336,-0.70016784,-0.00400870,0.71157019
1755645802527,2.14219713,0.03652519,-0.10275698,-0.05874348,-0.69906127,-0.00444332,0.71263090
1755645802538,2.15193772,0.03596884,-0.10363626,-0.05856822,-0.69881201,-0.00474654,0.71288780
1755645802548,2.16145849,0.03537512,-0.10457754,-0.05860941,-0.69879347,-0.00459293,0.71290359
1755645802559,2.17064810,0.03481162,-0.10558558,-0.05896274,-0.69885564,-0.00449785,0.71281411
1755645802571,2.17989063,0.03417057,-0.10669422,-0.05914089,-0.69905901,-0.00476080,0.71259820
1755645802593,2.18975306,0.03342766,-0.10792732,-0.05924871,-0.69926918,-0.00516817,0.71238017
1755645802596,2.20893979,0.03143960,-0.11034822,-0.05947878,-0.70013374,-0.00491481,0.71151308
1755645802616,2.21973014,0.03000140,-0.11177969,-0.05974589,-0.70085990,-0.00467223,0.71077703
1755645802627,2.22968912,0.02845663,-0.11328936,-0.06025900,-0.70171452,-0.00464525,0.70989014
1755645802639,2.23964834,0.02683753,-0.11491776,-0.06113711,-0.70271593,-0.00526947,0.70881930
1755645802650,2.24969006,0.02508062,-0.11661863,-0.06190570,-0.70382291,-0.00614509,0.70764626
1755645802672,2.25991297,0.02314883,-0.11826658,-0.06274411,-0.70497537,-0.00705312,0.70641572
1755645802675,2.28027439,0.01911998,-0.12184858,-0.06436652,-0.70706034,-0.00765010,0.70417619
1755645802695,2.29136086,0.01682264,-0.12401676,-0.06471775,-0.70801628,-0.00772092,0.70318202
1755645802705,2.30175734,0.01463294,-0.12612391,-0.06470177,-0.70889765,-0.00792561,0.70229266
1755645802740,2.31205082,0.01248503,-0.12828588,-0.06463639,-0.70979625,-0.00805639,0.70138899
1755645802772,2.34753799,0.00618333,-0.13684320,-0.06542800,-0.71254230,-0.00673414,0.69853941
1755645802782,2.38194418,0.00059539,-0.14610910,-0.06472825,-0.71288890,-0.00220595,0.69827989
1755645802805,2.40572643,-0.00274789,-0.15300751,-0.06348236,-0.71270818,0.00076853,0.69858175
1755645802827,2.42301321,-0.00459069,-0.15832376,-0.06274677,-0.71265829,0.00250596,0.69869502
1755645802838,2.43722296,-0.00585300,-0.16280699,-0.06295539,-0.71246022,0.00389797,0.69887185
1755645802849,2.45433950,-0.00697207,-0.16824293,-0.06498251,-0.71210677,0.00422936,0.69904459
1755645802860,2.46870518,-0.00655365,-0.17288876,-0.06928777,-0.71183914,0.00216036,0.69891314
1755645802872,2.48229980,-0.00558555,-0.17711353,-0.07208445,-0.71175611,0.00121675,0.69871710
1755645802883,2.49500275,-0.00523043,-0.18089151,-0.07097928,-0.71186853,0.00362971,0.69870736
1755645802893,2.50881767,-0.00431448,-0.18493223,-0.07130381,-0.71257055,0.00521030,0.69794830
1755645802905,2.52226830,-0.00251824,-0.18880749,-0.07423124,-0.71344769,0.00499416,0.69674757
1755645802917,2.53461456,-0.00086439,-0.19236374,-0.07632579,-0.71414310,0.00579795,0.69580198
1755645802927,2.54702473,0.00078291,-0.19580936,-0.07792676,-0.71418405,0.00699391,0.69557146
1755645802950,2.55916929,0.00210321,-0.19908524,-0.07896245,-0.71362775,0.00844584,0.69600936
1755645802952,2.57437992,0.00332445,-0.20286655,-0.08037748,-0.71226746,0.01027594,0.69721513
1755645802961,2.58232212,0.00380009,-0.20471764,-0.08150240,-0.71148676,0.01059053,0.69787663
1755645802971,2.59264851,0.00468844,-0.20704365,-0.08379244,-0.71068978,0.00976561,0.69842930
1755645802983,2.60431719,0.00601226,-0.20954657,-0.08665138,-0.71000165,0.00720292,0.69881136
1755645802993,2.61509991,0.00743580,-0.21169186,-0.08765765,-0.70959198,0.00519703,0.69911969
1755645803006,2.62588072,0.00884306,-0.21362686,-0.08737218,-0.70917112,0.00481168,0.69958508
1755645803017,2.63680363,0.01039958,-0.21538544,-0.08764015,-0.70873588,0.00442945,0.69999502
1755645803027,2.64741802,0.01193434,-0.21692610,-0.08680593,-0.70837736,0.00466412,0.70046020
1755645803039,2.65783691,0.01336271,-0.21831322,-0.08460914,-0.70836568,0.00499268,0.70073849
1755645803062,2.66762972,0.01512671,-0.21940327,-0.08171098,-0.70886689,0.00478294,0.70057702
1755645803072,2.68093348,0.01796097,-0.22071648,-0.07963705,-0.71015656,0.00313823,0.69951823
1755645803083,2.68821144,0.01940173,-0.22132015,-0.07837831,-0.71100199,0.00249648,0.69880382
1755645803084,2.69639206,0.02088952,-0.22196817,-0.07667499,-0.71191108,0.00201085,0.69806842
1755645803094,2.70412779,0.02221733,-0.22251892,-0.07484325,-0.71274537,0.00187159,0.69741596
1755645803116,2.71336460,0.02377909,-0.22307539,-0.07262952,-0.71374941,0.00176047,0.69662302
1755645803118,2.72439766,0.02563334,-0.22364569,-0.07001589,-0.71508580,0.00216248,0.69551807
1755645803128,2.73158169,0.02675128,-0.22396183,-0.06817174,-0.71590030,0.00245549,0.69486210
1755645803139,2.73957014,0.02791476,-0.22431231,-0.06644498,-0.71690547,0.00278801,0.69399123
1755645803150,2.74895430,0.02900279,-0.22481060,-0.06431159,-0.71801144,0.00306210,0.69304705
1755645803161,2.75765276,0.02983856,-0.22524643,-0.06263429,-0.71898395,0.00334013,0.69219063
1755645803173,2.76638794,0.03045982,-0.22563648,-0.06087549,-0.71988052,0.00353773,0.69141427
1755645803184,2.77505112,0.03096634,-0.22590065,-0.05928095,-0.72075295,0.00349057,0.69064373
1755645803194,2.78371477,0.03134781,-0.22616100,-0.05832612,-0.72160566,0.00302296,0.68983636
1755645803218,2.79241228,0.03151822,-0.22643137,-0.05767284,-0.72241491,0.00246198,0.68904607
1755645803227,2.80456448,0.03127915,-0.22662640,-0.05758655,-0.72339046,0.00182091,0.68803104
1755645803229,2.81136942,0.03097194,-0.22668695,-0.05799970,-0.72386581,0.00117249,0.68749760
1755645803250,2.81908274,0.03052926,-0.22672415,-0.05868080,-0.72443032,0.00015401,0.68684587
1755645803261,2.82984400,0.02987581,-0.22684002,-0.06060235,-0.72534162,-0.00173479,0.68571414
1755645803262,2.83748150,0.02946192,-0.22691965,-0.06238981,-0.72594511,-0.00301152,0.68491031
1755645803273,2.84575796,0.02893579,-0.22698736,-0.06386662,-0.72644150,-0.00395731,0.68424275
1755645803285,2.85481548,0.02833575,-0.22699690,-0.06525945,-0.72685003,-0.00457372,0.68367340
1755645803308,2.86455536,0.02755910,-0.22697878,-0.06665336,-0.72706795,-0.00474130,0.68330597
1755645803319,2.87822819,0.02613294,-0.22683430,-0.06820399,-0.72706055,-0.00466624,0.68316132
1755645803341,2.88555241,0.02526104,-0.22672844,-0.06886234,-0.72712397,-0.00524272,0.68302359
1755645803361,2.90303087,0.02294248,-0.22627592,-0.07026208,-0.72767889,-0.00734373,0.68227028
1755645803374,2.91916084,0.02038598,-0.22586250,-0.07186879,-0.72808063,-0.00928067,0.68165045
1755645803386,2.92981005,0.01876354,-0.22525501,-0.07342775,-0.72794640,-0.01058420,0.68160867
1755645803395,2.93970108,0.01735955,-0.22440910,-0.07479384,-0.72796726,-0.01200135,0.68141435
1755645803407,2.95146227,0.01558191,-0.22328806,-0.07601512,-0.72805750,-0.01353508,0.68115400
1755645803419,2.96205902,0.01394194,-0.22228575,-0.07671497,-0.72817570,-0.01473616,0.68092423
1755645803429,2.97193813,0.01252788,-0.22130823,-0.07686192,-0.72821123,-0.01573400,0.68084734
1755645803442,2.98207283,0.01128244,-0.22028017,-0.07572032,-0.72814095,-0.01629027,0.68103731
1755645803451,2.99201965,0.01031536,-0.21921110,-0.07350258,-0.72801018,-0.01648008,0.68141541
1755645803474,3.00181484,0.00937599,-0.21807480,-0.07085716,-0.72765744,-0.01570963,0.68209026
1755645803484,3.01442528,0.00799096,-0.21654034,-0.06743429,-0.72684538,-0.01323547,0.68335439
1755645803495,3.02225351,0.00709224,-0.21562767,-0.06586645,-0.72618544,-0.01182503,0.68423423
1755645803508,3.03034830,0.00613976,-0.21464443,-0.06463168,-0.72545248,-0.01049131,0.68515062
1755645803518,3.03969526,0.00504529,-0.21338940,-0.06389357,-0.72438639,-0.00895643,0.68636852
1755645803529,3.04767752,0.00394493,-0.21214342,-0.06323719,-0.72344160,-0.00731868,0.68744436
1755645803531,3.05658722,0.00337201,-0.21079302,-0.06440001,-0.72255528,-0.00753441,0.68826575
1755645803542,3.06581736,0.00351971,-0.20946074,-0.06707498,-0.72164166,-0.00882039,0.68895317
1755645803558,3.07462406,0.00411111,-0.20824718,-0.06917480,-0.72064650,-0.00957252,0.68977666
1755645803598,3.08406067,0.00480747,-0.20695305,-0.07010065,-0.71947998,-0.00843623,0.69091482
1755645803608,3.12121916,0.01038420,-0.20304251,-0.06823091,-0.71359831,-0.00098095,0.69722380
1755645803640,3.13956213,0.01305962,-0.20213985,-0.06606892,-0.70947391,0.00367674,0.70161824
1755645803651,3.15553474,0.01510370,-0.20153570,-0.06499331,-0.70579547,0.00447219,0.70541380
1755645803674,3.16537142,0.01623237,-0.20137882,-0.06471960,-0.70405626,0.00299478,0.70718257
1755645803685,3.17757654,0.01783705,-0.20142746,-0.06550885,-0.70186460,0.00074689,0.70929128
1755645803697,3.18533850,0.01944888,-0.20157766,-0.06773276,-0.69996804,-0.00032953,0.71095493
1755645803719,3.19217873,0.02114379,-0.20184803,-0.06956719,-0.69828171,-0.00114756,0.71243368
1755645803728,3.19948339,0.02336347,-0.20234823,-0.07040469,-0.69669473,-0.00288943,0.71389865
1755645803741,3.20604277,0.02514941,-0.20287800,-0.06880030,-0.69561553,-0.00251915,0.71510783
1755645803752,3.21235418,0.02681744,-0.20342636,-0.06708178,-0.69479650,-0.00153580,0.71606948
1755645803762,3.21830988,0.02832890,-0.20393085,-0.06625805,-0.69404948,-0.00081941,0.71687134
1755645803774,3.22446251,0.02974916,-0.20452833,-0.06578800,-0.69322002,-0.00020235,0.71771715
1755645803785,3.23038769,0.03104663,-0.20513582,-0.06572023,-0.69217271,0.00002264,0.71873347
1755645803796,3.23610973,0.03224361,-0.20571899,-0.06622179,-0.69105464,-0.00005370,0.71976256
1755645803799,3.24169207,0.03324372,-0.20627213,-0.06670220,-0.69000340,0.00037077,0.72072602
1755645803809,3.24717188,0.03396970,-0.20682383,-0.06713814,-0.68893475,0.00109166,0.72170645
1755645803819,3.25213861,0.03454310,-0.20738268,-0.06781115,-0.68794894,0.00144299,0.72258274
1755645803831,3.25675774,0.03501832,-0.20794678,-0.06862592,-0.68700302,0.00146185,0.72340528
1755645803845,3.26221275,0.03547853,-0.20869398,-0.06911063,-0.68592429,0.00169363,0.72438161
1755645803899,3.26749134,0.03591198,-0.20939922,-0.06914746,-0.68493521,0.00201060,0.72531258
1755645803925,3.29316187,0.03723013,-0.21348143,-0.06551421,-0.68355012,0.00451139,0.72694344
1755645803965,3.30588913,0.03661150,-0.21633148,-0.06636614,-0.68412364,0.00394301,0.72632970
1755645803974,3.31388474,0.03617805,-0.21841288,-0.06630877,-0.68540973,0.00312979,0.72512541
1755645803996,3.32070875,0.03567308,-0.22056580,-0.06431857,-0.68604392,0.00411415,0.72469989
1755645804019,3.32653618,0.03480273,-0.22269487,-0.06214440,-0.68641210,0.00344640,0.72454443
1755645804031,3.33021688,0.03420901,-0.22406912,-0.06142454,-0.68690795,0.00232671,0.72414024
1755645804067,3.33336306,0.03370684,-0.22532272,-0.06071014,-0.68747115,0.00150137,0.72366805
1755645804086,3.34049225,0.03361738,-0.22837543,-0.05943973,-0.68841410,0.00024578,0.72287820
1755645804097,3.34615135,0.03429621,-0.23107576,-0.05630961,-0.68899697,0.00126540,0.72257235
1755645804118,3.34931660,0.03427953,-0.23256063,-0.05390835,-0.68927467,0.00263759,0.72248693
1755645804129,3.35200214,0.03435749,-0.23373890,-0.05334270,-0.68964273,0.00272324,0.72217730
1755645804140,3.35513306,0.03465289,-0.23518467,-0.05398537,-0.69033623,0.00220063,0.72146838
1755645804175,3.35732651,0.03484619,-0.23629808,-0.05456131,-0.69081545,0.00226749,0.72096597
1755645804186,3.36173201,0.03548080,-0.23871851,-0.05383371,-0.69062770,0.00419965,0.72119185
1755645804198,3.36456013,0.03602701,-0.24037266,-0.05217562,-0.68990737,0.00513434,0.72199665
1755645804209,3.36644316,0.03643280,-0.24149227,-0.05040126,-0.68950367,0.00542518,0.72250603
1755645804230,3.36830807,0.03666991,-0.24232769,-0.04898254,-0.68933767,0.00576453,0.72275934
1755645804240,3.37003088,0.03689140,-0.24308968,-0.04781083,-0.68925399,0.00615280,0.72291439
1755645804252,3.37163687,0.03725547,-0.24388933,-0.04686136,-0.68906802,0.00662750,0.72314961
1755645804263,3.37290335,0.03762472,-0.24473286,-0.04533049,-0.68855786,0.00759289,0.72372340
1755645804274,3.37414408,0.03798759,-0.24560261,-0.04345076,-0.68785983,0.00879545,0.72448845
1755645804287,3.37536335,0.03841668,-0.24654007,-0.04114359,-0.68695438,0.01009280,0.72546469
1755645804298,3.37655401,0.03895974,-0.24748087,-0.03867660,-0.68605131,0.01118658,0.72643829
1755645804320,3.37766695,0.03949422,-0.24836779,-0.03595332,-0.68519747,0.01256279,0.72736095
1755645804342,3.38047028,0.04049718,-0.24959087,-0.03005974,-0.68371731,0.01607205,0.72895044
1755645804352,3.38288832,0.04154116,-0.25088120,-0.02437158,-0.68218464,0.01989759,0.73050272
1755645804388,3.38390303,0.04216421,-0.25189257,-0.02139653,-0.68106639,0.02171988,0.73158663
1755645804398,3.38625288,0.04392368,-0.25430489,-0.01321000,-0.67796445,0.02627892,0.73450603
1755645804430,3.38765907,0.04475695,-0.25564194,-0.00949494,-0.67658371,0.02870519,0.73574475
1755645804441,3.38894749,0.04533416,-0.25695324,-0.00704985,-0.67489463,0.03051714,0.73724910
1755645804476,3.38953829,0.04557157,-0.25776291,-0.00623069,-0.67364544,0.03104838,0.73837592
1755645804486,3.39053726,0.04603428,-0.25934982,-0.00539289,-0.67101109,0.03221075,0.74072768
1755645804501,3.39093637,0.04631716,-0.26011276,-0.00513571,-0.66949386,0.03282985,0.74207399
1755645804542,3.39170170,0.04659957,-0.26097965,-0.00462661,-0.66736598,0.03387810,0.74394457
1755645804553,3.39293432,0.04680806,-0.26263237,-0.00310685,-0.66267765,0.03567520,0.74804810
1755645804587,3.39323854,0.04718477,-0.26401567,-0.00220724,-0.65875739,0.03625181,0.75147830
1755645804598,3.39334297,0.04740435,-0.26508188,-0.00120170,-0.65495379,0.03729397,0.75474715
1755645804633,3.39339876,0.04766154,-0.26642418,0.00015485,-0.65005744,0.03836078,0.75891617
1755645804643,3.39345169,0.04797149,-0.26907396,0.00262059,-0.64041287,0.03975123,0.76699695
1755645804687,3.39298630,0.04794365,-0.27085304,0.00311582,-0.63391310,0.03996145,0.77236491
1755645804697,3.39202690,0.04820532,-0.27349424,0.00447474,-0.62365389,0.04051051,0.78063737
1755645804721,3.39148188,0.04842800,-0.27540398,0.00516117,-0.61687409,0.04127753,0.78596176
1755645804743,3.39111042,0.04853958,-0.27662325,0.00551699,-0.61206818,0.04152082,0.78969496
1755645804753,3.39035892,0.04861236,-0.27830029,0.00624448,-0.60599053,0.04186625,0.79434482
1755645804764,3.38977909,0.04872769,-0.27943754,0.00663314,-0.60193933,0.04221167,0.79739778
1755645804777,3.38927507,0.04887575,-0.28040314,0.00724451,-0.59806419,0.04266060,0.80027921
1755645804787,3.38875914,0.04899269,-0.28137064,0.00753861,-0.59452719,0.04353774,0.80286054
1755645804800,3.38818932,0.04912382,-0.28239202,0.00772103,-0.59053993,0.04459356,0.80573841
1755645804826,3.38758278,0.04925686,-0.28356457,0.00803440,-0.58622988,0.04576210,0.80881136
1755645804837,3.38638496,0.04936087,-0.28565168,0.00823840,-0.57811827,0.04805859,0.81449479
1755645804871,3.38555574,0.04940969,-0.28707838,0.00784797,-0.57248695,0.04935267,0.81838953
1755645804899,3.38330746,0.04969555,-0.29056406,0.00713603,-0.55781139,0.05398532,0.82817940
1755645804909,3.38088655,0.05004835,-0.29387522,0.00803696,-0.54390245,0.05796070,0.83710578
1755645804930,3.37930441,0.05022311,-0.29554272,0.00889320,-0.53554608,0.05976551,0.84234161
1755645804953,3.37833261,0.05033875,-0.29657078,0.00920008,-0.53087861,0.06086083,0.84520957
1755645804964,3.37747431,0.05039293,-0.29753494,0.00941948,-0.52663731,0.06179535,0.84778874
1755645804978,3.37669420,0.05041689,-0.29841375,0.00974095,-0.52272368,0.06261357,0.85014387
1755645804989,3.37593079,0.05049390,-0.29916239,0.00974893,-0.51915533,0.06301476,0.85229798
1755645805021,3.37503910,0.05049282,-0.30005884,0.01003338,-0.51521868,0.06346101,0.85464715
1755645805022,3.37335825,0.05061644,-0.30132389,0.01083349,-0.50888259,0.06328716,0.85843805
1755645805066,3.37212992,0.05062157,-0.30215073,0.01132522,-0.50419831,0.06356244,0.86117107
1755645805104,3.37029791,0.05044001,-0.30393219,0.01164311,-0.49606489,0.06302222,0.86591700
1755645805151,3.36824656,0.04997844,-0.30595255,0.01146731,-0.48702735,0.06138706,0.87115125
1755645805184,3.36644554,0.04957020,-0.30772543,0.01028472,-0.47894182,0.06157935,0.87562374
1755645805218,3.36501646,0.04957366,-0.30941963,0.01083491,-0.47089028,0.06116844,0.88000191
1755645805249,3.36381340,0.04918414,-0.31087828,0.01099405,-0.46400811,0.05989453,0.88373540
1755645805284,3.36270714,0.04899740,-0.31193161,0.01021280,-0.45851647,0.05954977,0.88662967
1755645805318,3.36166859,0.04900163,-0.31290293,0.01010527,-0.45365284,0.05948742,0.88913342
1755645805349,3.36069775,0.04910457,-0.31387758,0.01031389,-0.44934339,0.05849988,0.89138202
1755645805380,3.35990572,0.04904515,-0.31439304,0.01034003,-0.44644712,0.05759263,0.89289481
1755645805417,3.35936260,0.04906899,-0.31461954,0.01015861,-0.44533281,0.05758623,0.89345359
1755645805450,3.35875320,0.04912102,-0.31502914,0.01087424,-0.44463853,0.05785649,0.89377343
1755645805466,3.35849333,0.04938734,-0.31515741,0.01258946,-0.44462756,0.05787435,0.89375522
1755645805490,3.35842180,0.04951471,-0.31509352,0.01280448,-0.44531712,0.05764880,0.89342337
1755645805534,3.35839224,0.04957485,-0.31505156,0.01271423,-0.44566326,0.05772863,0.89324689
1755645805557,3.35827780,0.04953641,-0.31527185,0.01208543,-0.44581354,0.05734342,0.89320544
1755645805597,3.35814857,0.04959756,-0.31525564,0.01228129,-0.44580212,0.05733645,0.89320892
1755645805609,3.35788345,0.04966325,-0.31526184,0.01241913,-0.44589785,0.05757567,0.89314384
1755645805634,3.35772133,0.04929411,-0.31532431,0.01112936,-0.44611219,0.05726231,0.89307395
1755645805656,3.35756969,0.04904878,-0.31527424,0.01029561,-0.44648436,0.05720292,0.89290175
1755645805690,3.35750198,0.04893309,-0.31522560,0.00976274,-0.44682594,0.05720041,0.89273702
1755645805725,3.35738754,0.04873019,-0.31514120,0.00875734,-0.44759557,0.05704465,0.89237179
1755645805757,3.35730314,0.04867774,-0.31524754,0.00890052,-0.44850388,0.05715287,0.89190728
1755645805780,3.35728502,0.04878986,-0.31530237,0.00974600,-0.44944567,0.05733021,0.89141284
1755645805791,3.35730362,0.04894054,-0.31536627,0.01100593,-0.44927974,0.05800930,0.89143789
1755645805834,3.35729647,0.04911184,-0.31548834,0.01213044,-0.44902928,0.05843229,0.89152186
1755645805867,3.35741854,0.04944909,-0.31574011,0.01397786,-0.44925327,0.05918348,0.89133239
1755645805879,3.35766554,0.04966503,-0.31573820,0.01420643,-0.44994333,0.05916755,0.89098169
1755645805901,3.35784960,0.04965115,-0.31563807,0.01333210,-0.45047922,0.05916026,0.89072487
1755645805923,3.35802460,0.04958946,-0.31558371,0.01300465,-0.45132873,0.05891964,0.89031553
1755645805935,3.35814333,0.04960585,-0.31555605,0.01280163,-0.45195784,0.05882284,0.89000568
1755645805956,3.35828018,0.04964817,-0.31550264,0.01300429,-0.45245152,0.05899568,0.88974042
1755645805967,3.35841322,0.04971611,-0.31547499,0.01343845,-0.45271277,0.05930482,0.88958052
1755645805990,3.35853195,0.04978544,-0.31547403,0.01366625,-0.45297070,0.05953005,0.88943069
1755645806001,3.35871410,0.04982156,-0.31544304,0.01348627,-0.45336630,0.05951553,0.88923283
1755645806023,3.35880470,0.04978698,-0.31541491,0.01327361,-0.45375474,0.05919508,0.88905927
1755645806034,3.35896969,0.04974455,-0.31544113,0.01332018,-0.45437650,0.05906328,0.88874974
1755645806046,3.35910463,0.04978043,-0.31548262,0.01365699,-0.45458348,0.05918863,0.88863044
1755645806068,3.35928965,0.04986298,-0.31547308,0.01416607,-0.45464784,0.05940024,0.88857542
1755645806080,3.35945463,0.04990393,-0.31547832,0.01422367,-0.45472554,0.05935836,0.88853754
1755645806090,3.35956049,0.04989529,-0.31546450,0.01424772,-0.45474817,0.05902499,0.88854778
1755645806101,3.35964394,0.04987043,-0.31543922,0.01419504,-0.45481432,0.05878026,0.88853099
1755645806113,3.35971022,0.04985750,-0.31544065,0.01406022,-0.45487650,0.05866752,0.88850875
1755645806124,3.35975790,0.04986328,-0.31546211,0.01394596,-0.45496312,0.05859104,0.88847125
1755645806135,3.35981417,0.04986113,-0.31548548,0.01394379,-0.45498823,0.05858481,0.88845884
1755645806172,3.35987043,0.04985094,-0.31548977,0.01384339,-0.45506522,0.05857871,0.88842138
1755645806227,3.36003542,0.04969937,-0.31538248,0.01332468,-0.45555604,0.05801499,0.88821473
1755645806257,3.36031532,0.04964596,-0.31539631,0.01373911,-0.45608996,0.05816270,0.88792471
1755645806268,3.36037922,0.04967207,-0.31529522,0.01359710,-0.45642160,0.05809447,0.88776093
1755645806314,3.36042547,0.04970431,-0.31523323,0.01369689,-0.45658414,0.05811283,0.88767461
1755645806346,3.36049318,0.04992402,-0.31525517,0.01445784,-0.45675376,0.05843095,0.88755439
1755645806358,3.36056471,0.04997194,-0.31521702,0.01478597,-0.45691677,0.05846684,0.88746271
1755645806380,3.36064386,0.04993325,-0.31514597,0.01458703,-0.45724476,0.05806739,0.88732329
1755645806392,3.36070919,0.04991674,-0.31510496,0.01443487,-0.45754259,0.05788959,0.88718386
1755645806430,3.36078167,0.04992145,-0.31510067,0.01457117,-0.45762707,0.05795214,0.88713398
1755645806466,3.36092281,0.05001408,-0.31527472,0.01491488,-0.45767243,0.05817342,0.88709038
1755645806479,3.36117601,0.04966921,-0.31522131,0.01407587,-0.45780176,0.05737212,0.88708954
1755645806502,3.36132479,0.04954612,-0.31526375,0.01433951,-0.45761955,0.05640135,0.88724158
1755645806538,3.36150408,0.04959744,-0.31534815,0.01456475,-0.45752713,0.05597192,0.88731276
1755645806558,3.36164522,0.04963499,-0.31536007,0.01453628,-0.45752277,0.05540329,0.88735116
1755645806596,3.36176443,0.04958189,-0.31535625,0.01469229,-0.45760832,0.05464659,0.88735140
1755645806633,3.36191702,0.04959029,-0.31532288,0.01550656,-0.45771946,0.05366208,0.88734031
1755645806647,3.36220646,0.04967260,-0.31534529,0.01650148,-0.45807008,0.05368481,0.88714004
1755645806670,3.36233091,0.04972792,-0.31529808,0.01690113,-0.45847798,0.05336747,0.88694093
1755645806750,3.36244535,0.04969203,-0.31523085,0.01646578,-0.45883693,0.05321172,0.88677283
1755645806769,3.36287451,0.04969764,-0.31520844,0.01655669,-0.46009889,0.05274775,0.88614478
1755645806824,3.36314678,0.04965371,-0.31512928,0.01635762,-0.46113022,0.05254133,0.88562450
1755645806848,3.36354780,0.04953331,-0.31513977,0.01655010,-0.46191138,0.05238847,0.88522281